INSERT INTO TB_PRODUCT_CATEGORY VALUES(
    SEQ_PRODUCT_CATEGORY.NEXTVAL,
    'A',
    'C',
    '홍길동',
    '맥주',
    NULL
);
INSERT INTO TB_PRODUCT_CATEGORY VALUES(
    SEQ_PRODUCT_CATEGORY.NEXTVAL,
    'A',
    'C',
    '이길동',
    '사케',
    NULL
);
INSERT INTO TB_PRODUCT_CATEGORY VALUES(
    SEQ_PRODUCT_CATEGORY.NEXTVAL,
    'A',
    'C',
    '김길동',
    '소주',
    NULL
);
INSERT INTO TB_PRODUCT_CATEGORY VALUES(
    SEQ_PRODUCT_CATEGORY.NEXTVAL,
    'A',
    'C',
    '최동준',
    '맥주',
    NULL
);
INSERT INTO TB_PRODUCT_CATEGORY VALUES(
    SEQ_PRODUCT_CATEGORY.NEXTVAL,
    'A',
    'C',
    'james',
    '와인',
    NULL
);
INSERT INTO TB_PRODUCT_CATEGORY VALUES(
    SEQ_PRODUCT_CATEGORY.NEXTVAL,
    'A',
    'C',
    '고길동',
    '소주',
    NULL
);
INSERT INTO TB_PRODUCT_CATEGORY VALUES(
    SEQ_PRODUCT_CATEGORY.NEXTVAL,
    'A',
    'C',
    '박길동',
    '맥주',
    NULL
);
INSERT INTO TB_PRODUCT_CATEGORY VALUES(
    SEQ_PRODUCT_CATEGORY.NEXTVAL,
    'A',
    'C',
    'JIMI',
    '막걸리',
    NULL
);
INSERT INTO TB_PRODUCT_CATEGORY VALUES(
    SEQ_PRODUCT_CATEGORY.NEXTVAL,
    'A',
    'C',
    '홍길순',
    '사케',
    NULL
);
INSERT INTO TB_PRODUCT_CATEGORY VALUES(
    SEQ_PRODUCT_CATEGORY.NEXTVAL,
    'A',
    'C',
    '복순',
    '복분자주',
    NULL
);
INSERT INTO TB_PRODUCT_CATEGORY VALUES(
    SEQ_PRODUCT_CATEGORY.NEXTVAL,
    'F',
    'C',
    'TOM',
    '오드 뚜왈렛',
    NULL
);
INSERT INTO TB_PRODUCT_CATEGORY VALUES(
    SEQ_PRODUCT_CATEGORY.NEXTVAL,
    'F',
    'C',
    'BOB',
    '오드 퍼퓸',
    NULL
);
INSERT INTO TB_PRODUCT_CATEGORY VALUES(
    SEQ_PRODUCT_CATEGORY.NEXTVAL,
    'F',
    'C',
    '남길동',
    '오드 빠르펭',
    NULL
);
INSERT INTO TB_PRODUCT_CATEGORY VALUES(
    SEQ_PRODUCT_CATEGORY.NEXTVAL,
    'F',
    'C',
    '남길순',
    '오드코롱',
    NULL
);
INSERT INTO TB_PRODUCT_CATEGORY VALUES(
    SEQ_PRODUCT_CATEGORY.NEXTVAL,
    'F',
    'C',
    '이길순',
    '샤워 코롱',
    NULL
);
INSERT INTO TB_PRODUCT_CATEGORY VALUES(
    SEQ_PRODUCT_CATEGORY.NEXTVAL,
    'F',
    'C',
    'JACK',
    '오드 뚜왈렛',
    NULL
);
INSERT INTO TB_PRODUCT_CATEGORY VALUES(
    SEQ_PRODUCT_CATEGORY.NEXTVAL,
    'F',
    'C',
    '장길동',
    '오드코롱',
    NULL
);
INSERT INTO TB_PRODUCT_CATEGORY VALUES(
    SEQ_PRODUCT_CATEGORY.NEXTVAL,
    'F',
    'C',
    'JUN',
    '샤워 코롱',
    NULL
);
INSERT INTO TB_PRODUCT_CATEGORY VALUES(
    SEQ_PRODUCT_CATEGORY.NEXTVAL,
    'F',
    'C',
    'SAM',
    '오드 뚜왈렛',
    NULL
);
INSERT INTO TB_PRODUCT_CATEGORY VALUES(
    SEQ_PRODUCT_CATEGORY.NEXTVAL,
    'F',
    'C',
    '최동준',
    '오드 퍼퓸',
    NULL
);

INSERT INTO TB_PRODUCT_CATEGORY VALUES(
    SEQ_PRODUCT_CATEGORY.NEXTVAL,
    'A',
    'B',
    '홍길동',
    '맥주',
    '330ML'
);
INSERT INTO TB_PRODUCT_CATEGORY VALUES(
    SEQ_PRODUCT_CATEGORY.NEXTVAL,
    'A',
    'B',
    '홍길동',
    '맥주',
    '500ML'
);
INSERT INTO TB_PRODUCT_CATEGORY VALUES(
    SEQ_PRODUCT_CATEGORY.NEXTVAL,
    'A',
    'B',
    '이길동',
    '사케',
    '150ML'
);
INSERT INTO TB_PRODUCT_CATEGORY VALUES(
    SEQ_PRODUCT_CATEGORY.NEXTVAL,
    'A',
    'B',
    '이길동',
    '사케',
    '350ML'
);
INSERT INTO TB_PRODUCT_CATEGORY VALUES(
    SEQ_PRODUCT_CATEGORY.NEXTVAL,
    'A',
    'B',
    '이길동',
    '사케',
    '500ML'
);
INSERT INTO TB_PRODUCT_CATEGORY VALUES(
    SEQ_PRODUCT_CATEGORY.NEXTVAL,
    'A',
    'B',
    '김길동',
    '소주',
    '150ML'
);
INSERT INTO TB_PRODUCT_CATEGORY VALUES(
    SEQ_PRODUCT_CATEGORY.NEXTVAL,
    'A',
    'B',
    '김길동',
    '소주',
    '350ML'
);
INSERT INTO TB_PRODUCT_CATEGORY VALUES(
    SEQ_PRODUCT_CATEGORY.NEXTVAL,
    'A',
    'B',
    '최동준',
    '맥주',
    '500ML'
);
INSERT INTO TB_PRODUCT_CATEGORY VALUES(
    SEQ_PRODUCT_CATEGORY.NEXTVAL,
    'A',
    'B',
    '최동준',
    '맥주',
    '1600ML'
);
INSERT INTO TB_PRODUCT_CATEGORY VALUES(
    SEQ_PRODUCT_CATEGORY.NEXTVAL,
    'A',
    'B',
    'james',
    '와인',
    '600ML'
);
INSERT INTO TB_PRODUCT_CATEGORY VALUES(
    SEQ_PRODUCT_CATEGORY.NEXTVAL,
    'A',
    'B',
    'james',
    '와인',
    '800ML'
);
INSERT INTO TB_PRODUCT_CATEGORY VALUES(
    SEQ_PRODUCT_CATEGORY.NEXTVAL,
    'A',
    'B',
    '고길동',
    '소주',
    '300ML'
);
INSERT INTO TB_PRODUCT_CATEGORY VALUES(
    SEQ_PRODUCT_CATEGORY.NEXTVAL,
    'A',
    'B',
    '고길동',
    '소주',
    '550ML'
);
INSERT INTO TB_PRODUCT_CATEGORY VALUES(
    SEQ_PRODUCT_CATEGORY.NEXTVAL,
    'A',
    'B',
    '박길동',
    '맥주',
    '330ML'
);
INSERT INTO TB_PRODUCT_CATEGORY VALUES(
    SEQ_PRODUCT_CATEGORY.NEXTVAL,
    'A',
    'B',
    '박길동',
    '맥주',
    '500ML'
);
INSERT INTO TB_PRODUCT_CATEGORY VALUES(
    SEQ_PRODUCT_CATEGORY.NEXTVAL,
    'A',
    'B',
    '박길동',
    '맥주',
    '1000ML'
);
INSERT INTO TB_PRODUCT_CATEGORY VALUES(
    SEQ_PRODUCT_CATEGORY.NEXTVAL,
    'A',
    'B',
    '박길동',
    '맥주',
    '1800ML'
);
INSERT INTO TB_PRODUCT_CATEGORY VALUES(
    SEQ_PRODUCT_CATEGORY.NEXTVAL,
    'A',
    'B',
    'JIMI',
    '막걸리',
    '300ML'
);
INSERT INTO TB_PRODUCT_CATEGORY VALUES(
    SEQ_PRODUCT_CATEGORY.NEXTVAL,
    'A',
    'B',
    '홍길순',
    '사케',
    '200ML'
);
INSERT INTO TB_PRODUCT_CATEGORY VALUES(
    SEQ_PRODUCT_CATEGORY.NEXTVAL,
    'A',
    'B',
    '홍길순',
    '사케',
    '500ML'
);
INSERT INTO TB_PRODUCT_CATEGORY VALUES(
    SEQ_PRODUCT_CATEGORY.NEXTVAL,
    'A',
    'B',
    '복순',
    '복분자주',
    '300ML'
);
INSERT INTO TB_PRODUCT_CATEGORY VALUES(
    SEQ_PRODUCT_CATEGORY.NEXTVAL,
    'F',
    'B',
    'TOM',
    '오드 뚜왈렛',
    '50ML'
);
INSERT INTO TB_PRODUCT_CATEGORY VALUES(
    SEQ_PRODUCT_CATEGORY.NEXTVAL,
    'F',
    'B',
    'TOM',
    '오드 뚜왈렛',
    '80ML'
);
INSERT INTO TB_PRODUCT_CATEGORY VALUES(
    SEQ_PRODUCT_CATEGORY.NEXTVAL,
    'F',
    'B',
    'TOM',
    '오드 뚜왈렛',
    '150ML'
);
INSERT INTO TB_PRODUCT_CATEGORY VALUES(
    SEQ_PRODUCT_CATEGORY.NEXTVAL,
    'F',
    'B',
    'BOB',
    '오드 퍼퓸',
    '30ML'
);
INSERT INTO TB_PRODUCT_CATEGORY VALUES(
    SEQ_PRODUCT_CATEGORY.NEXTVAL,
    'F',
    'B',
    'BOB',
    '오드 퍼퓸',
    '100ML'
);
INSERT INTO TB_PRODUCT_CATEGORY VALUES(
    SEQ_PRODUCT_CATEGORY.NEXTVAL,
    'F',
    'B',
    'BOB',
    '오드 퍼퓸',
    '300ML'
);
INSERT INTO TB_PRODUCT_CATEGORY VALUES(
    SEQ_PRODUCT_CATEGORY.NEXTVAL,
    'F',
    'B',
    '남길동',
    '오드 빠르펭',
    '10ML'
);
INSERT INTO TB_PRODUCT_CATEGORY VALUES(
    SEQ_PRODUCT_CATEGORY.NEXTVAL,
    'F',
    'B',
    '남길동',
    '오드 빠르펭',
    '30ML'
);
INSERT INTO TB_PRODUCT_CATEGORY VALUES(
    SEQ_PRODUCT_CATEGORY.NEXTVAL,
    'F',
    'B',
    '남길동',
    '오드 빠르펭',
    '50ML'
);
INSERT INTO TB_PRODUCT_CATEGORY VALUES(
    SEQ_PRODUCT_CATEGORY.NEXTVAL,
    'F',
    'B',
    '남길순',
    '오드코롱',
    '100ML'
);
INSERT INTO TB_PRODUCT_CATEGORY VALUES(
    SEQ_PRODUCT_CATEGORY.NEXTVAL,
    'F',
    'B',
    '이길순',
    '샤워 코롱',
    '80ML'
);
INSERT INTO TB_PRODUCT_CATEGORY VALUES(
    SEQ_PRODUCT_CATEGORY.NEXTVAL,
    'F',
    'B',
    '이길순',
    '샤워 코롱',
    '150ML'
);
INSERT INTO TB_PRODUCT_CATEGORY VALUES(
    SEQ_PRODUCT_CATEGORY.NEXTVAL,
    'F',
    'B',
    'JACK',
    '오드 뚜왈렛',
    '50ML'
);
INSERT INTO TB_PRODUCT_CATEGORY VALUES(
    SEQ_PRODUCT_CATEGORY.NEXTVAL,
    'F',
    'B',
    '장길동',
    '오드코롱',
    '100ML'
);
INSERT INTO TB_PRODUCT_CATEGORY VALUES(
    SEQ_PRODUCT_CATEGORY.NEXTVAL,
    'F',
    'B',
    'JUN',
    '샤워 코롱',
    '50ML'
);
INSERT INTO TB_PRODUCT_CATEGORY VALUES(
    SEQ_PRODUCT_CATEGORY.NEXTVAL,
    'F',
    'B',
    'SAM',
    '오드 뚜왈렛',
    '50ML'
);
INSERT INTO TB_PRODUCT_CATEGORY VALUES(
    SEQ_PRODUCT_CATEGORY.NEXTVAL,
    'F',
    'B',
    'SAM',
    '오드 뚜왈렛',
    '100ML'
);
INSERT INTO TB_PRODUCT_CATEGORY VALUES(
    SEQ_PRODUCT_CATEGORY.NEXTVAL,
    'F',
    'B',
    '최동준',
    '오드 퍼퓸',
    '10ML'
);
INSERT INTO TB_PRODUCT_CATEGORY VALUES(
    SEQ_PRODUCT_CATEGORY.NEXTVAL,
    'F',
    'B',
    '최동준',
    '오드 퍼퓸',
    '30ML'
);
INSERT INTO TB_PRODUCT_CATEGORY VALUES(
    SEQ_PRODUCT_CATEGORY.NEXTVAL,
    'F',
    'B',
    '최동준',
    '오드 퍼퓸',
    '50ML'
);




---------------
INSERT INTO TB_PRODUCT(
    PDT_NO,
    PDT_CATEG_NO,
    PDT_NAME,
    PDT_PRICE,
    PDT_STOCK,
    PDT_INTRO,
    PDT_DESCRIPTION,
    PDT_INGREDIENT,
    PDT_SHIPPING,
    PDT_STATUS,
    PDT_GP_STATUS
) VALUES (
    SEQ_PRODUCT.nextval,
    1,
    'KH 맥주',
    4000,
    500,
    '목 넘김이 좋은 밀 향 맥주',
    '홍길동님이 만드신 깊고 찐한 밀 향 맥주 알코올 도수는 4.5도입니다',
    '밀,알코올..',
    '배송일은 펀딩 확정 이후 5일뒤 배송 예정입니다',
    'Y',
    'N'
);
INSERT INTO TB_PRODUCT_FILE(
    PDT_FILE_NO,
    PDT_NO,
    PDT_FILE_INDEX,
    PDT_FILE_PATH,
    PDT_FILE_ORIGIN,
    PDT_FILE_UPLOAD
) VALUES (
    SEQ_PRODUCT_FILE.NEXTVAL,
    SEQ_PRODUCT.CURRVAL,
    0,
    'resources/image/product/alcohol',
    'absolut_blue.png',
    'alcohol_1.png'
);

INSERT INTO TB_PRODUCT(
    PDT_NO,
    PDT_CATEG_NO,
    PDT_NAME,
    PDT_PRICE,
    PDT_STOCK,
    PDT_INTRO,
    PDT_DESCRIPTION,
    PDT_INGREDIENT,
    PDT_SHIPPING,
    PDT_STATUS,
    PDT_GP_STATUS
) VALUES (
    SEQ_PRODUCT.nextval,
    2,
    'KH 사케',
    15000,
    100,
    '깔끔하고 상큼한 사케',
    '10년 장인 이길동님이 만드신 깔끔한 맛 사케입니다.',
    '물,쌀,누룩',
    '배송일은 펀딩 확정 이후 3일뒤 배송 예정입니다',
    'Y',
    'N'
);
INSERT INTO TB_PRODUCT_FILE(
    PDT_FILE_NO,
    PDT_NO,
    PDT_FILE_INDEX,
    PDT_FILE_PATH,
    PDT_FILE_ORIGIN,
    PDT_FILE_UPLOAD
) VALUES (
    SEQ_PRODUCT_FILE.NEXTVAL,
    SEQ_PRODUCT.CURRVAL,
    0,
    'resources/image/product/alcohol',
    'absolut_blue.png',
    'alcohol_1.png'
);

INSERT INTO TB_PRODUCT(
    PDT_NO,
    PDT_CATEG_NO,
    PDT_NAME,
    PDT_PRICE,
    PDT_STOCK,
    PDT_INTRO,
    PDT_DESCRIPTION,
    PDT_INGREDIENT,
    PDT_SHIPPING,
    PDT_STATUS,
    PDT_GP_STATUS
) VALUES (
    SEQ_PRODUCT.nextval,
    3,
    'KH 소주',
    3000,
    1000,
    '깔끔하고 삼겹살과 매우 잘 어울리는 소주 향',
    '알코올 도수는 23도이며 모든 음식과 잘 어울리지만 특히 삼겹살과 잘 어울리는 소주입니다.',
    '물,알코올,보리',
    '배송일은 펀딩 확정 이후 3일뒤 배송 예정입니다',
    'Y',
    'N'
);
INSERT INTO TB_PRODUCT_FILE(
    PDT_FILE_NO,
    PDT_NO,
    PDT_FILE_INDEX,
    PDT_FILE_PATH,
    PDT_FILE_ORIGIN,
    PDT_FILE_UPLOAD
) VALUES (
    SEQ_PRODUCT_FILE.NEXTVAL,
    SEQ_PRODUCT.CURRVAL,
    0,
    'resources/image/product/alcohol',
    'absolut_blue.png',
    'alcohol_1.png'
);

INSERT INTO TB_PRODUCT(
    PDT_NO,
    PDT_CATEG_NO,
    PDT_NAME,
    PDT_PRICE,
    PDT_STOCK,
    PDT_INTRO,
    PDT_DESCRIPTION,
    PDT_INGREDIENT,
    PDT_SHIPPING,
    PDT_STATUS,
    PDT_GP_STATUS
) VALUES (
    SEQ_PRODUCT.nextval,
    4,
    '구로 맥주',
    4200,
    255,
    '구로 전통 맥주',
    '알코올 도수는 5도입니다',
    '맥아, 물 ',
    '배송일은 펀딩 확정 이후 8일뒤 배송 예정입니다',
    'Y',
    'N'
);
INSERT INTO TB_PRODUCT_FILE(
    PDT_FILE_NO,
    PDT_NO,
    PDT_FILE_INDEX,
    PDT_FILE_PATH,
    PDT_FILE_ORIGIN,
    PDT_FILE_UPLOAD
) VALUES (
    SEQ_PRODUCT_FILE.NEXTVAL,
    SEQ_PRODUCT.CURRVAL,
    0,
    'resources/image/product/alcohol',
    'absolut_blue.png',
    'alcohol_1.png'
);

INSERT INTO TB_PRODUCT(
    PDT_NO,
    PDT_CATEG_NO,
    PDT_NAME,
    PDT_PRICE,
    PDT_STOCK,
    PDT_INTRO,
    PDT_DESCRIPTION,
    PDT_INGREDIENT,
    PDT_SHIPPING,
    PDT_STATUS,
    PDT_GP_STATUS
) VALUES (
    SEQ_PRODUCT.nextval,
    5,
    'KH 와인',
    30000,
    50,
    '레드 와인',
    '이탈리아에서 유명한 JAMES씨가 만든 수제 맥주입니다.알코올 도수는 9도이며 치즈와 잘 어울립니다.',
    '포도',
    '배송일은 펀딩 확정 이후 15일뒤 배송 예정입니다',
    'Y',
    'N'
);
INSERT INTO TB_PRODUCT_FILE(
    PDT_FILE_NO,
    PDT_NO,
    PDT_FILE_INDEX,
    PDT_FILE_PATH,
    PDT_FILE_ORIGIN,
    PDT_FILE_UPLOAD
) VALUES (
    SEQ_PRODUCT_FILE.NEXTVAL,
    SEQ_PRODUCT.CURRVAL,
    0,
    'resources/image/product/alcohol',
    'absolut_blue.png',
    'alcohol_1.png'
);

INSERT INTO TB_PRODUCT(
    PDT_NO,
    PDT_CATEG_NO,
    PDT_NAME,
    PDT_PRICE,
    PDT_STOCK,
    PDT_INTRO,
    PDT_DESCRIPTION,
    PDT_INGREDIENT,
    PDT_SHIPPING,
    PDT_STATUS,
    PDT_GP_STATUS
) VALUES (
    SEQ_PRODUCT.nextval,
    6,
    '맛소',
    5000,
    200,
    '목이 타들어가는듯한 짜릿함 ',
    '고길동님이 만드신 깊고 찐한 소주! 알코올 도수는 25도입니다',
    '물,알코올',
    '배송일은 펀딩 확정 이후 5일뒤 배송 예정입니다',
    'Y',
    'N'
);
INSERT INTO TB_PRODUCT_FILE(
    PDT_FILE_NO,
    PDT_NO,
    PDT_FILE_INDEX,
    PDT_FILE_PATH,
    PDT_FILE_ORIGIN,
    PDT_FILE_UPLOAD
) VALUES (
    SEQ_PRODUCT_FILE.NEXTVAL,
    SEQ_PRODUCT.CURRVAL,
    0,
    'resources/image/product/alcohol',
    'absolut_blue.png',
    'alcohol_1.png'
);

INSERT INTO TB_PRODUCT(
    PDT_NO,
    PDT_CATEG_NO,
    PDT_NAME,
    PDT_PRICE,
    PDT_STOCK,
    PDT_INTRO,
    PDT_DESCRIPTION,
    PDT_INGREDIENT,
    PDT_SHIPPING,
    PDT_STATUS,
    PDT_GP_STATUS
) VALUES (
    SEQ_PRODUCT.nextval,
    7,
    '달빛 맥주',
    6000,
    300,
    '찐하고 맛있는 맥주!',
    '알코올 도수는 5도입니다. 엄청 시원합니다.',
    '맥아',
    '배송일은 펀딩 확정 이후 5일뒤 배송 예정입니다',
    'Y',
    'N'
);
INSERT INTO TB_PRODUCT_FILE(
    PDT_FILE_NO,
    PDT_NO,
    PDT_FILE_INDEX,
    PDT_FILE_PATH,
    PDT_FILE_ORIGIN,
    PDT_FILE_UPLOAD
) VALUES (
    SEQ_PRODUCT_FILE.NEXTVAL,
    SEQ_PRODUCT.CURRVAL,
    0,
    'resources/image/product/alcohol',
    'absolut_blue.png',
    'alcohol_1.png'
);

INSERT INTO TB_PRODUCT(
    PDT_NO,
    PDT_CATEG_NO,
    PDT_NAME,
    PDT_PRICE,
    PDT_STOCK,
    PDT_INTRO,
    PDT_DESCRIPTION,
    PDT_INGREDIENT,
    PDT_SHIPPING,
    PDT_STATUS,
    PDT_GP_STATUS
) VALUES (
    SEQ_PRODUCT.nextval,
    8,
    '막걸리나',
    3000,
    50,
    '외국인이 만든 한국 전통 막걸리',
    'JIMI씨가 한국에와서 막걸리를 먹고 감명받아 만든 JIMI씨만의 특별한 막걸리',
    '쌀,알코올,물',
    '배송일은 펀딩 확정 이후 10일뒤 배송 예정입니다',
    'Y',
    'N'
);
INSERT INTO TB_PRODUCT_FILE(
    PDT_FILE_NO,
    PDT_NO,
    PDT_FILE_INDEX,
    PDT_FILE_PATH,
    PDT_FILE_ORIGIN,
    PDT_FILE_UPLOAD
) VALUES (
    SEQ_PRODUCT_FILE.NEXTVAL,
    SEQ_PRODUCT.CURRVAL,
    0,
    'resources/image/product/alcohol',
    'absolut_blue.png',
    'alcohol_1.png'
);

INSERT INTO TB_PRODUCT(
    PDT_NO,
    PDT_CATEG_NO,
    PDT_NAME,
    PDT_PRICE,
    PDT_STOCK,
    PDT_INTRO,
    PDT_DESCRIPTION,
    PDT_INGREDIENT,
    PDT_SHIPPING,
    PDT_STATUS,
    PDT_GP_STATUS
) VALUES (
    SEQ_PRODUCT.nextval,
    9,
    '맛있는 사케',
    3000,
    20,
    '뒷맛이 묵직한 사케',
    '알코올 도수는 11도이며 조금 무겁지만 깊은맛에 사케입니다.',
    '누룩,물,알코올',
    '배송일은 펀딩 확정 이후 5일뒤 배송 예정입니다',
    'Y',
    'N'
);
INSERT INTO TB_PRODUCT_FILE(
    PDT_FILE_NO,
    PDT_NO,
    PDT_FILE_INDEX,
    PDT_FILE_PATH,
    PDT_FILE_ORIGIN,
    PDT_FILE_UPLOAD
) VALUES (
    SEQ_PRODUCT_FILE.NEXTVAL,
    SEQ_PRODUCT.CURRVAL,
    0,
    'resources/image/product/alcohol',
    'absolut_blue.png',
    'alcohol_1.png'
);

INSERT INTO TB_PRODUCT(
    PDT_NO,
    PDT_CATEG_NO,
    PDT_NAME,
    PDT_PRICE,
    PDT_STOCK,
    PDT_INTRO,
    PDT_DESCRIPTION,
    PDT_INGREDIENT,
    PDT_SHIPPING,
    PDT_STATUS,
    PDT_GP_STATUS
) VALUES (
    SEQ_PRODUCT.nextval,
    10,
    'KH 복분자',
    9000,
    80,
    '찐하고 상큼한 복분자주',
    '가족끼리 마시기 좋아요.복분자는 복순씨가 직접 재배한 복분자입니다.',
    '복분자,알코올..',
    '배송일은 펀딩 확정 이후 10일뒤 배송 예정입니다',
    'Y',
    'N'
);
INSERT INTO TB_PRODUCT_FILE(
    PDT_FILE_NO,
    PDT_NO,
    PDT_FILE_INDEX,
    PDT_FILE_PATH,
    PDT_FILE_ORIGIN,
    PDT_FILE_UPLOAD
) VALUES (
    SEQ_PRODUCT_FILE.NEXTVAL,
    SEQ_PRODUCT.CURRVAL,
    0,
    'resources/image/product/alcohol',
    'absolut_blue.png',
    'alcohol_1.png'
);

INSERT INTO TB_PRODUCT(
    PDT_NO,
    PDT_CATEG_NO,
    PDT_NAME,
    PDT_PRICE,
    PDT_STOCK,
    PDT_INTRO,
    PDT_DESCRIPTION,
    PDT_INGREDIENT,
    PDT_SHIPPING,
    PDT_STATUS,
    PDT_GP_STATUS
) VALUES (
    SEQ_PRODUCT.nextval,
    11,
    'KH 향수',
    70000,
    20,
    '오드 뚜왈렛',
    '향이 오래가고 상큼한 향의 향수',
    '코코넛 오일,증류수,천연 색소',
    '배송일은 펀딩 확정 이후 15일뒤 배송 예정입니다',
    'Y',
    'N'
);
INSERT INTO TB_PRODUCT_FILE(
    PDT_FILE_NO,
    PDT_NO,
    PDT_FILE_INDEX,
    PDT_FILE_PATH,
    PDT_FILE_ORIGIN,
    PDT_FILE_UPLOAD
) VALUES (
    SEQ_PRODUCT_FILE.NEXTVAL,
    SEQ_PRODUCT.CURRVAL,
    0,
    'resources/image/product/perfume',
    'yvessaint.jpg',
    'perfume_1.jpg'
);

INSERT INTO TB_PRODUCT(
    PDT_NO,
    PDT_CATEG_NO,
    PDT_NAME,
    PDT_PRICE,
    PDT_STOCK,
    PDT_INTRO,
    PDT_DESCRIPTION,
    PDT_INGREDIENT,
    PDT_SHIPPING,
    PDT_STATUS,
    PDT_GP_STATUS
) VALUES (
    SEQ_PRODUCT.nextval,
    12,
    'GOOD PERFUME',
    40000,
    25,
    '오드 퍼퓸',
    '향이 찐하며 우드 향 향수입니다.',
    '호호바 오일',
    '배송일은 펀딩 확정 이후 12일뒤 배송 예정입니다',
    'Y',
    'N'
);
INSERT INTO TB_PRODUCT_FILE(
    PDT_FILE_NO,
    PDT_NO,
    PDT_FILE_INDEX,
    PDT_FILE_PATH,
    PDT_FILE_ORIGIN,
    PDT_FILE_UPLOAD
) VALUES (
    SEQ_PRODUCT_FILE.NEXTVAL,
    SEQ_PRODUCT.CURRVAL,
    0,
    'resources/image/product/perfume',
    'yvessaint.jpg',
    'perfume_1.jpg'
);

INSERT INTO TB_PRODUCT(
    PDT_NO,
    PDT_CATEG_NO,
    PDT_NAME,
    PDT_PRICE,
    PDT_STOCK,
    PDT_INTRO,
    PDT_DESCRIPTION,
    PDT_INGREDIENT,
    PDT_SHIPPING,
    PDT_STATUS,
    PDT_GP_STATUS
) VALUES (
    SEQ_PRODUCT.nextval,
    13,
    'ORANGE PERFUME',
    35000,
    30,
    '오드 빠르펭',
    '지속시간 대략 4시간이며 오렌지향 향수입니다. 상큼한 옷에 잘 어울리는 무거운 향입니다.',
    '감귤 오일',
    '배송일은 펀딩 확정 이후 7일뒤 배송 예정입니다',
    'Y',
    'N'
);
INSERT INTO TB_PRODUCT_FILE(
    PDT_FILE_NO,
    PDT_NO,
    PDT_FILE_INDEX,
    PDT_FILE_PATH,
    PDT_FILE_ORIGIN,
    PDT_FILE_UPLOAD
) VALUES (
    SEQ_PRODUCT_FILE.NEXTVAL,
    SEQ_PRODUCT.CURRVAL,
    0,
    'resources/image/product/perfume',
    'yvessaint.jpg',
    'perfume_1.jpg'
);

INSERT INTO TB_PRODUCT(
    PDT_NO,
    PDT_CATEG_NO,
    PDT_NAME,
    PDT_PRICE,
    PDT_STOCK,
    PDT_INTRO,
    PDT_DESCRIPTION,
    PDT_INGREDIENT,
    PDT_SHIPPING,
    PDT_STATUS,
    PDT_GP_STATUS
) VALUES (
    SEQ_PRODUCT.nextval,
    14,
    'HAHA PERFUME',
    90000,
    10,
    '오드코롱',
    '향이 무거우며 지속시간은 대략 2시간 정도입니다.정장이나 어두운 색의 코디와 잘 어울립니다.',
    '천연 색소,호호바 오일',
    '배송일은 펀딩 확정 이후 12일뒤 배송 예정입니다',
    'Y',
    'N'
);
INSERT INTO TB_PRODUCT_FILE(
    PDT_FILE_NO,
    PDT_NO,
    PDT_FILE_INDEX,
    PDT_FILE_PATH,
    PDT_FILE_ORIGIN,
    PDT_FILE_UPLOAD
) VALUES (
    SEQ_PRODUCT_FILE.NEXTVAL,
    SEQ_PRODUCT.CURRVAL,
    0,
    'resources/image/product/perfume',
    'yvessaint.jpg',
    'perfume_1.jpg'
);

INSERT INTO TB_PRODUCT(
    PDT_NO,
    PDT_CATEG_NO,
    PDT_NAME,
    PDT_PRICE,
    PDT_STOCK,
    PDT_INTRO,
    PDT_DESCRIPTION,
    PDT_INGREDIENT,
    PDT_SHIPPING,
    PDT_STATUS,
    PDT_GP_STATUS
) VALUES (
    SEQ_PRODUCT.nextval,
    15,
    'LIGHT PERFUME',
    2500,
    100,
    '샤워 코롱 ',
    '매우 가벼운 향이며 지속시간은 10시간입니다.',
    '코코넛 오일, 알코올',
    '배송일은 펀딩 확정 이후 10일뒤 배송 예정입니다',
    'Y',
    'N'
);
INSERT INTO TB_PRODUCT_FILE(
    PDT_FILE_NO,
    PDT_NO,
    PDT_FILE_INDEX,
    PDT_FILE_PATH,
    PDT_FILE_ORIGIN,
    PDT_FILE_UPLOAD
) VALUES (
    SEQ_PRODUCT_FILE.NEXTVAL,
    SEQ_PRODUCT.CURRVAL,
    0,
    'resources/image/product/perfume',
    'yvessaint.jpg',
    'perfume_1.jpg'
);

INSERT INTO TB_PRODUCT(
    PDT_NO,
    PDT_CATEG_NO,
    PDT_NAME,
    PDT_PRICE,
    PDT_STOCK,
    PDT_INTRO,
    PDT_DESCRIPTION,
    PDT_INGREDIENT,
    PDT_SHIPPING,
    PDT_STATUS,
    PDT_GP_STATUS
) VALUES (
    SEQ_PRODUCT.nextval,
    16,
    'TSP PERFUME',
    40000,
    30,
    '오드 뚜왈렛',
    '좋은 향기가 남',
    '호호바 오일',
    '배송일은 펀딩 확정 이후 12일뒤 배송 예정입니다',
    'Y',
    'N'
);
INSERT INTO TB_PRODUCT_FILE(
    PDT_FILE_NO,
    PDT_NO,
    PDT_FILE_INDEX,
    PDT_FILE_PATH,
    PDT_FILE_ORIGIN,
    PDT_FILE_UPLOAD
) VALUES (
    SEQ_PRODUCT_FILE.NEXTVAL,
    SEQ_PRODUCT.CURRVAL,
    0,
    'resources/image/product/perfume',
    'yvessaint.jpg',
    'perfume_1.jpg'
);

INSERT INTO TB_PRODUCT(
    PDT_NO,
    PDT_CATEG_NO,
    PDT_NAME,
    PDT_PRICE,
    PDT_STOCK,
    PDT_INTRO,
    PDT_DESCRIPTION,
    PDT_INGREDIENT,
    PDT_SHIPPING,
    PDT_STATUS,
    PDT_GP_STATUS
) VALUES (
    SEQ_PRODUCT.nextval,
    17,
    'HOHO PERFUME',
    75000,
    30,
    '오드코롱',
    '상큼한 복숭아향 데일리 향수로 좋습니다.',
    '복숭아 향,코코넛 오일',
    '배송일은 펀딩 확정 이후 6일뒤 배송 예정입니다',
    'Y',
    'N'
);
INSERT INTO TB_PRODUCT_FILE(
    PDT_FILE_NO,
    PDT_NO,
    PDT_FILE_INDEX,
    PDT_FILE_PATH,
    PDT_FILE_ORIGIN,
    PDT_FILE_UPLOAD
) VALUES (
    SEQ_PRODUCT_FILE.NEXTVAL,
    SEQ_PRODUCT.CURRVAL,
    0,
    'resources/image/product/perfume',
    'yvessaint.jpg',
    'perfume_1.jpg'
);

INSERT INTO TB_PRODUCT(
    PDT_NO,
    PDT_CATEG_NO,
    PDT_NAME,
    PDT_PRICE,
    PDT_STOCK,
    PDT_INTRO,
    PDT_DESCRIPTION,
    PDT_INGREDIENT,
    PDT_SHIPPING,
    PDT_STATUS,
    PDT_GP_STATUS
) VALUES (
    SEQ_PRODUCT.nextval,
    18,
    'WOW PERFUME',
    55000,
    25,
    '샤워 코롱',
    '코튼 향 상긋하며 지속시간이 깁니다.',
    '호호바 오일,코튼향',
    '배송일은 펀딩 확정 이후 8일뒤 배송 예정입니다',
    'Y',
    'N'
);
INSERT INTO TB_PRODUCT_FILE(
    PDT_FILE_NO,
    PDT_NO,
    PDT_FILE_INDEX,
    PDT_FILE_PATH,
    PDT_FILE_ORIGIN,
    PDT_FILE_UPLOAD
) VALUES (
    SEQ_PRODUCT_FILE.NEXTVAL,
    SEQ_PRODUCT.CURRVAL,
    0,
    'resources/image/product/perfume',
    'yvessaint.jpg',
    'perfume_1.jpg'
);

INSERT INTO TB_PRODUCT(
    PDT_NO,
    PDT_CATEG_NO,
    PDT_NAME,
    PDT_PRICE,
    PDT_STOCK,
    PDT_INTRO,
    PDT_DESCRIPTION,
    PDT_INGREDIENT,
    PDT_SHIPPING,
    PDT_STATUS,
    PDT_GP_STATUS
) VALUES (
    SEQ_PRODUCT.nextval,
    19,
    '한국 향수',
    10000,
    100,
    '오드 뚜왈렛',
    '한국인들이라면 모두가 좋아할 향 . 우드 향.',
    '코코넛 오일, 증류수',
    '배송일은 펀딩 확정 이후 12일뒤 배송 예정입니다',
    'Y',
    'N'
);
INSERT INTO TB_PRODUCT_FILE(
    PDT_FILE_NO,
    PDT_NO,
    PDT_FILE_INDEX,
    PDT_FILE_PATH,
    PDT_FILE_ORIGIN,
    PDT_FILE_UPLOAD
) VALUES (
    SEQ_PRODUCT_FILE.NEXTVAL,
    SEQ_PRODUCT.CURRVAL,
    0,
    'resources/image/product/perfume',
    'yvessaint.jpg',
    'perfume_1.jpg'
);

INSERT INTO TB_PRODUCT(
    PDT_NO,
    PDT_CATEG_NO,
    PDT_NAME,
    PDT_PRICE,
    PDT_STOCK,
    PDT_INTRO,
    PDT_DESCRIPTION,
    PDT_INGREDIENT,
    PDT_SHIPPING,
    PDT_STATUS,
    PDT_GP_STATUS
) VALUES (
    SEQ_PRODUCT.nextval,
    20,
    'DDP PERFUME',
    25000,
    50,
    '오드 퍼퓸',
    '남성에게 잘 어울리는 무겁고 찐한 향',
    '호호바 오일,증류수',
    '배송일은 펀딩 확정 이후 10일뒤 배송 예정입니다',
    'Y',
    'N'
);
INSERT INTO TB_PRODUCT_FILE(
    PDT_FILE_NO,
    PDT_NO,
    PDT_FILE_INDEX,
    PDT_FILE_PATH,
    PDT_FILE_ORIGIN,
    PDT_FILE_UPLOAD
) VALUES (
    SEQ_PRODUCT_FILE.NEXTVAL,
    SEQ_PRODUCT.CURRVAL,
    0,
    'resources/image/product/perfume',
    'yvessaint.jpg',
    'perfume_1.jpg'
);
---------------- 브랜드 제품 INSERT
INSERT INTO TB_PRODUCT(
    PDT_NO,
    PDT_CATEG_NO,
    PDT_NAME,
    PDT_PRICE,
    PDT_STOCK,
    PDT_INTRO,
    PDT_DESCRIPTION,
    PDT_INGREDIENT,
    PDT_SHIPPING,
    PDT_STATUS,
    PDT_GP_STATUS
) VALUES (
    SEQ_PRODUCT.nextval,
    21,
    'KH 맥주',
    4000,
    500,
    '목 넘김이 좋은 밀 향 맥주',
    '홍길동님이 만드신 깊고 찐한 밀 향 맥주 알코올 도수는 4.5도입니다',
    '밀,알코올..',
    '배송일은 펀딩 확정 이후 5일뒤 배송 예정입니다',
    'Y',
    'N'
);
INSERT INTO TB_PRODUCT_FILE(
    PDT_FILE_NO,
    PDT_NO,
    PDT_FILE_INDEX,
    PDT_FILE_PATH,
    PDT_FILE_ORIGIN,
    PDT_FILE_UPLOAD
) VALUES (
    SEQ_PRODUCT_FILE.NEXTVAL,
    SEQ_PRODUCT.CURRVAL,
    0,
    'resources/image/product/alcohol',
    'absolut_blue.png',
    'alcohol_1.png'
);
INSERT INTO TB_PRODUCT(
    PDT_NO,
    PDT_CATEG_NO,
    PDT_NAME,
    PDT_PRICE,
    PDT_STOCK,
    PDT_INTRO,
    PDT_DESCRIPTION,
    PDT_INGREDIENT,
    PDT_SHIPPING,
    PDT_STATUS,
    PDT_GP_STATUS
) VALUES (
    SEQ_PRODUCT.nextval,
    22,
    'KH 맥주',
    4000,
    500,
    '목 넘김이 좋은 밀 향 맥주',
    '홍길동님이 만드신 깊고 찐한 밀 향 맥주 알코올 도수는 4.5도입니다',
    '밀,알코올..',
    '배송일은 펀딩 확정 이후 5일뒤 배송 예정입니다',
    'Y',
    'N'
);
INSERT INTO TB_PRODUCT_FILE(
    PDT_FILE_NO,
    PDT_NO,
    PDT_FILE_INDEX,
    PDT_FILE_PATH,
    PDT_FILE_ORIGIN,
    PDT_FILE_UPLOAD
) VALUES (
    SEQ_PRODUCT_FILE.NEXTVAL,
    SEQ_PRODUCT.CURRVAL,
    0,
    'resources/image/product/alcohol',
    'absolut_blue.png',
    'alcohol_1.png'
);

INSERT INTO TB_PRODUCT(
    PDT_NO,
    PDT_CATEG_NO,
    PDT_NAME,
    PDT_PRICE,
    PDT_STOCK,
    PDT_INTRO,
    PDT_DESCRIPTION,
    PDT_INGREDIENT,
    PDT_SHIPPING,
    PDT_STATUS,
    PDT_GP_STATUS
) VALUES (
    SEQ_PRODUCT.nextval,
    23,
    'KH 사케',
    15000,
    100,
    '깔끔하고 상큼한 사케',
    '10년 장인 이길동님이 만드신 깔끔한 맛 사케입니다.',
    '물,쌀,누룩',
    '배송일은 펀딩 확정 이후 3일뒤 배송 예정입니다',
    'Y',
    'N'
);
INSERT INTO TB_PRODUCT_FILE(
    PDT_FILE_NO,
    PDT_NO,
    PDT_FILE_INDEX,
    PDT_FILE_PATH,
    PDT_FILE_ORIGIN,
    PDT_FILE_UPLOAD
) VALUES (
    SEQ_PRODUCT_FILE.NEXTVAL,
    SEQ_PRODUCT.CURRVAL,
    0,
    'resources/image/product/alcohol',
    'absolut_blue.png',
    'alcohol_1.png'
);
INSERT INTO TB_PRODUCT(
    PDT_NO,
    PDT_CATEG_NO,
    PDT_NAME,
    PDT_PRICE,
    PDT_STOCK,
    PDT_INTRO,
    PDT_DESCRIPTION,
    PDT_INGREDIENT,
    PDT_SHIPPING,
    PDT_STATUS,
    PDT_GP_STATUS
) VALUES (
    SEQ_PRODUCT.nextval,
    24,
    'KH 사케',
    15000,
    100,
    '깔끔하고 상큼한 사케',
    '10년 장인 이길동님이 만드신 깔끔한 맛 사케입니다.',
    '물,쌀,누룩',
    '배송일은 펀딩 확정 이후 3일뒤 배송 예정입니다',
    'Y',
    'N'
);
INSERT INTO TB_PRODUCT_FILE(
    PDT_FILE_NO,
    PDT_NO,
    PDT_FILE_INDEX,
    PDT_FILE_PATH,
    PDT_FILE_ORIGIN,
    PDT_FILE_UPLOAD
) VALUES (
    SEQ_PRODUCT_FILE.NEXTVAL,
    SEQ_PRODUCT.CURRVAL,
    0,
    'resources/image/product/alcohol',
    'absolut_blue.png',
    'alcohol_1.png'
);
INSERT INTO TB_PRODUCT(
    PDT_NO,
    PDT_CATEG_NO,
    PDT_NAME,
    PDT_PRICE,
    PDT_STOCK,
    PDT_INTRO,
    PDT_DESCRIPTION,
    PDT_INGREDIENT,
    PDT_SHIPPING,
    PDT_STATUS,
    PDT_GP_STATUS
) VALUES (
    SEQ_PRODUCT.nextval,
    25,
    'KH 사케',
    15000,
    100,
    '깔끔하고 상큼한 사케',
    '10년 장인 이길동님이 만드신 깔끔한 맛 사케입니다.',
    '물,쌀,누룩',
    '배송일은 펀딩 확정 이후 3일뒤 배송 예정입니다',
    'Y',
    'N'
);
INSERT INTO TB_PRODUCT_FILE(
    PDT_FILE_NO,
    PDT_NO,
    PDT_FILE_INDEX,
    PDT_FILE_PATH,
    PDT_FILE_ORIGIN,
    PDT_FILE_UPLOAD
) VALUES (
    SEQ_PRODUCT_FILE.NEXTVAL,
    SEQ_PRODUCT.CURRVAL,
    0,
    'resources/image/product/alcohol',
    'absolut_blue.png',
    'alcohol_1.png'
);

INSERT INTO TB_PRODUCT(
    PDT_NO,
    PDT_CATEG_NO,
    PDT_NAME,
    PDT_PRICE,
    PDT_STOCK,
    PDT_INTRO,
    PDT_DESCRIPTION,
    PDT_INGREDIENT,
    PDT_SHIPPING,
    PDT_STATUS,
    PDT_GP_STATUS
) VALUES (
    SEQ_PRODUCT.nextval,
    26,
    'KH 소주',
    3000,
    1000,
    '깔끔하고 삼겹살과 매우 잘 어울리는 소주 향',
    '알코올 도수는 23도이며 모든 음식과 잘 어울리지만 특히 삼겹살과 잘 어울리는 소주입니다.',
    '물,알코올,보리',
    '배송일은 펀딩 확정 이후 3일뒤 배송 예정입니다',
    'Y',
    'N'
);
INSERT INTO TB_PRODUCT_FILE(
    PDT_FILE_NO,
    PDT_NO,
    PDT_FILE_INDEX,
    PDT_FILE_PATH,
    PDT_FILE_ORIGIN,
    PDT_FILE_UPLOAD
) VALUES (
    SEQ_PRODUCT_FILE.NEXTVAL,
    SEQ_PRODUCT.CURRVAL,
    0,
    'resources/image/product/alcohol',
    'absolut_blue.png',
    'alcohol_1.png'
);
INSERT INTO TB_PRODUCT(
    PDT_NO,
    PDT_CATEG_NO,
    PDT_NAME,
    PDT_PRICE,
    PDT_STOCK,
    PDT_INTRO,
    PDT_DESCRIPTION,
    PDT_INGREDIENT,
    PDT_SHIPPING,
    PDT_STATUS,
    PDT_GP_STATUS
) VALUES (
    SEQ_PRODUCT.nextval,
    27,
    'KH 소주',
    3000,
    1000,
    '깔끔하고 삼겹살과 매우 잘 어울리는 소주 향',
    '알코올 도수는 23도이며 모든 음식과 잘 어울리지만 특히 삼겹살과 잘 어울리는 소주입니다.',
    '물,알코올,보리',
    '배송일은 펀딩 확정 이후 3일뒤 배송 예정입니다',
    'Y',
    'N'
);
INSERT INTO TB_PRODUCT_FILE(
    PDT_FILE_NO,
    PDT_NO,
    PDT_FILE_INDEX,
    PDT_FILE_PATH,
    PDT_FILE_ORIGIN,
    PDT_FILE_UPLOAD
) VALUES (
    SEQ_PRODUCT_FILE.NEXTVAL,
    SEQ_PRODUCT.CURRVAL,
    0,
    'resources/image/product/alcohol',
    'absolut_blue.png',
    'alcohol_1.png'
);

INSERT INTO TB_PRODUCT(
    PDT_NO,
    PDT_CATEG_NO,
    PDT_NAME,
    PDT_PRICE,
    PDT_STOCK,
    PDT_INTRO,
    PDT_DESCRIPTION,
    PDT_INGREDIENT,
    PDT_SHIPPING,
    PDT_STATUS,
    PDT_GP_STATUS
) VALUES (
    SEQ_PRODUCT.nextval,
    28,
    '구로 맥주',
    4200,
    255,
    '구로 전통 맥주',
    '알코올 도수는 5도입니다',
    '맥아, 물 ',
    '배송일은 펀딩 확정 이후 8일뒤 배송 예정입니다',
    'Y',
    'N'
);
INSERT INTO TB_PRODUCT_FILE(
    PDT_FILE_NO,
    PDT_NO,
    PDT_FILE_INDEX,
    PDT_FILE_PATH,
    PDT_FILE_ORIGIN,
    PDT_FILE_UPLOAD
) VALUES (
    SEQ_PRODUCT_FILE.NEXTVAL,
    SEQ_PRODUCT.CURRVAL,
    0,
    'resources/image/product/alcohol',
    'absolut_blue.png',
    'alcohol_1.png'
);
INSERT INTO TB_PRODUCT(
    PDT_NO,
    PDT_CATEG_NO,
    PDT_NAME,
    PDT_PRICE,
    PDT_STOCK,
    PDT_INTRO,
    PDT_DESCRIPTION,
    PDT_INGREDIENT,
    PDT_SHIPPING,
    PDT_STATUS,
    PDT_GP_STATUS
) VALUES (
    SEQ_PRODUCT.nextval,
    29,
    '구로 맥주',
    4200,
    255,
    '구로 전통 맥주',
    '알코올 도수는 5도입니다',
    '맥아, 물 ',
    '배송일은 펀딩 확정 이후 8일뒤 배송 예정입니다',
    'Y',
    'N'
);
INSERT INTO TB_PRODUCT_FILE(
    PDT_FILE_NO,
    PDT_NO,
    PDT_FILE_INDEX,
    PDT_FILE_PATH,
    PDT_FILE_ORIGIN,
    PDT_FILE_UPLOAD
) VALUES (
    SEQ_PRODUCT_FILE.NEXTVAL,
    SEQ_PRODUCT.CURRVAL,
    0,
    'resources/image/product/alcohol',
    'absolut_blue.png',
    'alcohol_1.png'
);

INSERT INTO TB_PRODUCT(
    PDT_NO,
    PDT_CATEG_NO,
    PDT_NAME,
    PDT_PRICE,
    PDT_STOCK,
    PDT_INTRO,
    PDT_DESCRIPTION,
    PDT_INGREDIENT,
    PDT_SHIPPING,
    PDT_STATUS,
    PDT_GP_STATUS
) VALUES (
    SEQ_PRODUCT.nextval,
    30,
    'KH 와인',
    30000,
    50,
    '레드 와인',
    '이탈리아에서 유명한 JAMES씨가 만든 수제 맥주입니다.알코올 도수는 9도이며 치즈와 잘 어울립니다.',
    '포도',
    '배송일은 펀딩 확정 이후 15일뒤 배송 예정입니다',
    'Y',
    'N'
);
INSERT INTO TB_PRODUCT_FILE(
    PDT_FILE_NO,
    PDT_NO,
    PDT_FILE_INDEX,
    PDT_FILE_PATH,
    PDT_FILE_ORIGIN,
    PDT_FILE_UPLOAD
) VALUES (
    SEQ_PRODUCT_FILE.NEXTVAL,
    SEQ_PRODUCT.CURRVAL,
    0,
    'resources/image/product/alcohol',
    'absolut_blue.png',
    'alcohol_1.png'
);
INSERT INTO TB_PRODUCT(
    PDT_NO,
    PDT_CATEG_NO,
    PDT_NAME,
    PDT_PRICE,
    PDT_STOCK,
    PDT_INTRO,
    PDT_DESCRIPTION,
    PDT_INGREDIENT,
    PDT_SHIPPING,
    PDT_STATUS,
    PDT_GP_STATUS
) VALUES (
    SEQ_PRODUCT.nextval,
    31,
    'KH 와인',
    30000,
    50,
    '레드 와인',
    '이탈리아에서 유명한 JAMES씨가 만든 수제 맥주입니다.알코올 도수는 9도이며 치즈와 잘 어울립니다.',
    '포도',
    '배송일은 펀딩 확정 이후 15일뒤 배송 예정입니다',
    'Y',
    'N'
);
INSERT INTO TB_PRODUCT_FILE(
    PDT_FILE_NO,
    PDT_NO,
    PDT_FILE_INDEX,
    PDT_FILE_PATH,
    PDT_FILE_ORIGIN,
    PDT_FILE_UPLOAD
) VALUES (
    SEQ_PRODUCT_FILE.NEXTVAL,
    SEQ_PRODUCT.CURRVAL,
    0,
    'resources/image/product/alcohol',
    'absolut_blue.png',
    'alcohol_1.png'
);

INSERT INTO TB_PRODUCT(
    PDT_NO,
    PDT_CATEG_NO,
    PDT_NAME,
    PDT_PRICE,
    PDT_STOCK,
    PDT_INTRO,
    PDT_DESCRIPTION,
    PDT_INGREDIENT,
    PDT_SHIPPING,
    PDT_STATUS,
    PDT_GP_STATUS
) VALUES (
    SEQ_PRODUCT.nextval,
    32,
    '맛소',
    5000,
    200,
    '목이 타들어가는듯한 짜릿함 ',
    '고길동님이 만드신 깊고 찐한 소주! 알코올 도수는 25도입니다',
    '물,알코올',
    '배송일은 펀딩 확정 이후 5일뒤 배송 예정입니다',
    'Y',
    'N'
);
INSERT INTO TB_PRODUCT_FILE(
    PDT_FILE_NO,
    PDT_NO,
    PDT_FILE_INDEX,
    PDT_FILE_PATH,
    PDT_FILE_ORIGIN,
    PDT_FILE_UPLOAD
) VALUES (
    SEQ_PRODUCT_FILE.NEXTVAL,
    SEQ_PRODUCT.CURRVAL,
    0,
    'resources/image/product/alcohol',
    'absolut_blue.png',
    'alcohol_1.png'
);
INSERT INTO TB_PRODUCT(
    PDT_NO,
    PDT_CATEG_NO,
    PDT_NAME,
    PDT_PRICE,
    PDT_STOCK,
    PDT_INTRO,
    PDT_DESCRIPTION,
    PDT_INGREDIENT,
    PDT_SHIPPING,
    PDT_STATUS,
    PDT_GP_STATUS
) VALUES (
    SEQ_PRODUCT.nextval,
    33,
    '맛소',
    5000,
    200,
    '목이 타들어가는듯한 짜릿함 ',
    '고길동님이 만드신 깊고 찐한 소주! 알코올 도수는 25도입니다',
    '물,알코올',
    '배송일은 펀딩 확정 이후 5일뒤 배송 예정입니다',
    'Y',
    'N'
);
INSERT INTO TB_PRODUCT_FILE(
    PDT_FILE_NO,
    PDT_NO,
    PDT_FILE_INDEX,
    PDT_FILE_PATH,
    PDT_FILE_ORIGIN,
    PDT_FILE_UPLOAD
) VALUES (
    SEQ_PRODUCT_FILE.NEXTVAL,
    SEQ_PRODUCT.CURRVAL,
    0,
    'resources/image/product/alcohol',
    'absolut_blue.png',
    'alcohol_1.png'
);

INSERT INTO TB_PRODUCT(
    PDT_NO,
    PDT_CATEG_NO,
    PDT_NAME,
    PDT_PRICE,
    PDT_STOCK,
    PDT_INTRO,
    PDT_DESCRIPTION,
    PDT_INGREDIENT,
    PDT_SHIPPING,
    PDT_STATUS,
    PDT_GP_STATUS
) VALUES (
    SEQ_PRODUCT.nextval,
    34,
    '달빛 맥주',
    6000,
    300,
    '찐하고 맛있는 맥주!',
    '알코올 도수는 5도입니다. 엄청 시원합니다.',
    '맥아',
    '배송일은 펀딩 확정 이후 5일뒤 배송 예정입니다',
    'Y',
    'N'
);
INSERT INTO TB_PRODUCT_FILE(
    PDT_FILE_NO,
    PDT_NO,
    PDT_FILE_INDEX,
    PDT_FILE_PATH,
    PDT_FILE_ORIGIN,
    PDT_FILE_UPLOAD
) VALUES (
    SEQ_PRODUCT_FILE.NEXTVAL,
    SEQ_PRODUCT.CURRVAL,
    0,
    'resources/image/product/alcohol',
    'absolut_blue.png',
    'alcohol_1.png'
);
INSERT INTO TB_PRODUCT(
    PDT_NO,
    PDT_CATEG_NO,
    PDT_NAME,
    PDT_PRICE,
    PDT_STOCK,
    PDT_INTRO,
    PDT_DESCRIPTION,
    PDT_INGREDIENT,
    PDT_SHIPPING,
    PDT_STATUS,
    PDT_GP_STATUS
) VALUES (
    SEQ_PRODUCT.nextval,
    35,
    '달빛 맥주',
    6000,
    300,
    '찐하고 맛있는 맥주!',
    '알코올 도수는 5도입니다. 엄청 시원합니다.',
    '맥아',
    '배송일은 펀딩 확정 이후 5일뒤 배송 예정입니다',
    'Y',
    'N'
);
INSERT INTO TB_PRODUCT_FILE(
    PDT_FILE_NO,
    PDT_NO,
    PDT_FILE_INDEX,
    PDT_FILE_PATH,
    PDT_FILE_ORIGIN,
    PDT_FILE_UPLOAD
) VALUES (
    SEQ_PRODUCT_FILE.NEXTVAL,
    SEQ_PRODUCT.CURRVAL,
    0,
    'resources/image/product/alcohol',
    'absolut_blue.png',
    'alcohol_1.png'
);
INSERT INTO TB_PRODUCT(
    PDT_NO,
    PDT_CATEG_NO,
    PDT_NAME,
    PDT_PRICE,
    PDT_STOCK,
    PDT_INTRO,
    PDT_DESCRIPTION,
    PDT_INGREDIENT,
    PDT_SHIPPING,
    PDT_STATUS,
    PDT_GP_STATUS
) VALUES (
    SEQ_PRODUCT.nextval,
    36,
    '달빛 맥주',
    6000,
    300,
    '찐하고 맛있는 맥주!',
    '알코올 도수는 5도입니다. 엄청 시원합니다.',
    '맥아',
    '배송일은 펀딩 확정 이후 5일뒤 배송 예정입니다',
    'Y',
    'N'
);
INSERT INTO TB_PRODUCT_FILE(
    PDT_FILE_NO,
    PDT_NO,
    PDT_FILE_INDEX,
    PDT_FILE_PATH,
    PDT_FILE_ORIGIN,
    PDT_FILE_UPLOAD
) VALUES (
    SEQ_PRODUCT_FILE.NEXTVAL,
    SEQ_PRODUCT.CURRVAL,
    0,
    'resources/image/product/alcohol',
    'absolut_blue.png',
    'alcohol_1.png'
);
INSERT INTO TB_PRODUCT(
    PDT_NO,
    PDT_CATEG_NO,
    PDT_NAME,
    PDT_PRICE,
    PDT_STOCK,
    PDT_INTRO,
    PDT_DESCRIPTION,
    PDT_INGREDIENT,
    PDT_SHIPPING,
    PDT_STATUS,
    PDT_GP_STATUS
) VALUES (
    SEQ_PRODUCT.nextval,
    37,
    '달빛 맥주',
    6000,
    300,
    '찐하고 맛있는 맥주!',
    '알코올 도수는 5도입니다. 엄청 시원합니다.',
    '맥아',
    '배송일은 펀딩 확정 이후 5일뒤 배송 예정입니다',
    'Y',
    'N'
);
INSERT INTO TB_PRODUCT_FILE(
    PDT_FILE_NO,
    PDT_NO,
    PDT_FILE_INDEX,
    PDT_FILE_PATH,
    PDT_FILE_ORIGIN,
    PDT_FILE_UPLOAD
) VALUES (
    SEQ_PRODUCT_FILE.NEXTVAL,
    SEQ_PRODUCT.CURRVAL,
    0,
    'resources/image/product/alcohol',
    'absolut_blue.png',
    'alcohol_1.png'
);

INSERT INTO TB_PRODUCT(
    PDT_NO,
    PDT_CATEG_NO,
    PDT_NAME,
    PDT_PRICE,
    PDT_STOCK,
    PDT_INTRO,
    PDT_DESCRIPTION,
    PDT_INGREDIENT,
    PDT_SHIPPING,
    PDT_STATUS,
    PDT_GP_STATUS
) VALUES (
    SEQ_PRODUCT.nextval,
    38,
    '막걸리나',
    3000,
    50,
    '외국인이 만든 한국 전통 막걸리',
    'JIMI씨가 한국에와서 막걸리를 먹고 감명받아 만든 JIMI씨만의 특별한 막걸리',
    '쌀,알코올,물',
    '배송일은 펀딩 확정 이후 10일뒤 배송 예정입니다',
    'Y',
    'N'
);
INSERT INTO TB_PRODUCT_FILE(
    PDT_FILE_NO,
    PDT_NO,
    PDT_FILE_INDEX,
    PDT_FILE_PATH,
    PDT_FILE_ORIGIN,
    PDT_FILE_UPLOAD
) VALUES (
    SEQ_PRODUCT_FILE.NEXTVAL,
    SEQ_PRODUCT.CURRVAL,
    0,
    'resources/image/product/alcohol',
    'absolut_blue.png',
    'alcohol_1.png'
);

INSERT INTO TB_PRODUCT(
    PDT_NO,
    PDT_CATEG_NO,
    PDT_NAME,
    PDT_PRICE,
    PDT_STOCK,
    PDT_INTRO,
    PDT_DESCRIPTION,
    PDT_INGREDIENT,
    PDT_SHIPPING,
    PDT_STATUS,
    PDT_GP_STATUS
) VALUES (
    SEQ_PRODUCT.nextval,
    39,
    '맛있는 사케',
    3000,
    20,
    '뒷맛이 묵직한 사케',
    '알코올 도수는 11도이며 조금 무겁지만 깊은맛에 사케입니다.',
    '누룩,물,알코올',
    '배송일은 펀딩 확정 이후 5일뒤 배송 예정입니다',
    'Y',
    'N'
);
INSERT INTO TB_PRODUCT_FILE(
    PDT_FILE_NO,
    PDT_NO,
    PDT_FILE_INDEX,
    PDT_FILE_PATH,
    PDT_FILE_ORIGIN,
    PDT_FILE_UPLOAD
) VALUES (
    SEQ_PRODUCT_FILE.NEXTVAL,
    SEQ_PRODUCT.CURRVAL,
    0,
    'resources/image/product/alcohol',
    'absolut_blue.png',
    'alcohol_1.png'
);
INSERT INTO TB_PRODUCT(
    PDT_NO,
    PDT_CATEG_NO,
    PDT_NAME,
    PDT_PRICE,
    PDT_STOCK,
    PDT_INTRO,
    PDT_DESCRIPTION,
    PDT_INGREDIENT,
    PDT_SHIPPING,
    PDT_STATUS,
    PDT_GP_STATUS
) VALUES (
    SEQ_PRODUCT.nextval,
    40,
    '맛있는 사케',
    3000,
    20,
    '뒷맛이 묵직한 사케',
    '알코올 도수는 11도이며 조금 무겁지만 깊은맛에 사케입니다.',
    '누룩,물,알코올',
    '배송일은 펀딩 확정 이후 5일뒤 배송 예정입니다',
    'Y',
    'N'
);
INSERT INTO TB_PRODUCT_FILE(
    PDT_FILE_NO,
    PDT_NO,
    PDT_FILE_INDEX,
    PDT_FILE_PATH,
    PDT_FILE_ORIGIN,
    PDT_FILE_UPLOAD
) VALUES (
    SEQ_PRODUCT_FILE.NEXTVAL,
    SEQ_PRODUCT.CURRVAL,
    0,
    'resources/image/product/alcohol',
    'absolut_blue.png',
    'alcohol_1.png'
);

INSERT INTO TB_PRODUCT(
    PDT_NO,
    PDT_CATEG_NO,
    PDT_NAME,
    PDT_PRICE,
    PDT_STOCK,
    PDT_INTRO,
    PDT_DESCRIPTION,
    PDT_INGREDIENT,
    PDT_SHIPPING,
    PDT_STATUS,
    PDT_GP_STATUS
) VALUES (
    SEQ_PRODUCT.nextval,
    41,
    'KH 복분자',
    9000,
    80,
    '찐하고 상큼한 복분자주',
    '가족끼리 마시기 좋아요.복분자는 복순씨가 직접 재배한 복분자입니다.',
    '복분자,알코올..',
    '배송일은 펀딩 확정 이후 10일뒤 배송 예정입니다',
    'Y',
    'N'
);
INSERT INTO TB_PRODUCT_FILE(
    PDT_FILE_NO,
    PDT_NO,
    PDT_FILE_INDEX,
    PDT_FILE_PATH,
    PDT_FILE_ORIGIN,
    PDT_FILE_UPLOAD
) VALUES (
    SEQ_PRODUCT_FILE.NEXTVAL,
    SEQ_PRODUCT.CURRVAL,
    0,
    'resources/image/product/alcohol',
    'absolut_blue.png',
    'alcohol_1.png'
);

INSERT INTO TB_PRODUCT(
    PDT_NO,
    PDT_CATEG_NO,
    PDT_NAME,
    PDT_PRICE,
    PDT_STOCK,
    PDT_INTRO,
    PDT_DESCRIPTION,
    PDT_INGREDIENT,
    PDT_SHIPPING,
    PDT_STATUS,
    PDT_GP_STATUS
) VALUES (
    SEQ_PRODUCT.nextval,
    42,
    'KH 향수',
    50000,
    20,
    '오드 뚜왈렛',
    '향이 오래가고 상큼한 향의 향수',
    '코코넛 오일,증류수,천연 색소',
    '배송일은 펀딩 확정 이후 15일뒤 배송 예정입니다',
    'Y',
    'N'
);
INSERT INTO TB_PRODUCT_FILE(
    PDT_FILE_NO,
    PDT_NO,
    PDT_FILE_INDEX,
    PDT_FILE_PATH,
    PDT_FILE_ORIGIN,
    PDT_FILE_UPLOAD
) VALUES (
    SEQ_PRODUCT_FILE.NEXTVAL,
    SEQ_PRODUCT.CURRVAL,
    0,
    'resources/image/product/perfume',
    'yvessaint.jpg',
    'perfume_1.jpg'
);
INSERT INTO TB_PRODUCT(
    PDT_NO,
    PDT_CATEG_NO,
    PDT_NAME,
    PDT_PRICE,
    PDT_STOCK,
    PDT_INTRO,
    PDT_DESCRIPTION,
    PDT_INGREDIENT,
    PDT_SHIPPING,
    PDT_STATUS,
    PDT_GP_STATUS
) VALUES (
    SEQ_PRODUCT.nextval,
    43,
    'KH 향수',
    75000,
    20,
    '오드 뚜왈렛',
    '향이 오래가고 상큼한 향의 향수',
    '코코넛 오일,증류수,천연 색소',
    '배송일은 펀딩 확정 이후 15일뒤 배송 예정입니다',
    'Y',
    'N'
);
INSERT INTO TB_PRODUCT_FILE(
    PDT_FILE_NO,
    PDT_NO,
    PDT_FILE_INDEX,
    PDT_FILE_PATH,
    PDT_FILE_ORIGIN,
    PDT_FILE_UPLOAD
) VALUES (
    SEQ_PRODUCT_FILE.NEXTVAL,
    SEQ_PRODUCT.CURRVAL,
    0,
    'resources/image/product/perfume',
    'yvessaint.jpg',
    'perfume_1.jpg'
);
INSERT INTO TB_PRODUCT(
    PDT_NO,
    PDT_CATEG_NO,
    PDT_NAME,
    PDT_PRICE,
    PDT_STOCK,
    PDT_INTRO,
    PDT_DESCRIPTION,
    PDT_INGREDIENT,
    PDT_SHIPPING,
    PDT_STATUS,
    PDT_GP_STATUS
) VALUES (
    SEQ_PRODUCT.nextval,
    44,
    'KH 향수',
    120000,
    20,
    '오드 뚜왈렛',
    '향이 오래가고 상큼한 향의 향수',
    '코코넛 오일,증류수,천연 색소',
    '배송일은 펀딩 확정 이후 15일뒤 배송 예정입니다',
    'Y',
    'N'
);
INSERT INTO TB_PRODUCT_FILE(
    PDT_FILE_NO,
    PDT_NO,
    PDT_FILE_INDEX,
    PDT_FILE_PATH,
    PDT_FILE_ORIGIN,
    PDT_FILE_UPLOAD
) VALUES (
    SEQ_PRODUCT_FILE.NEXTVAL,
    SEQ_PRODUCT.CURRVAL,
    0,
    'resources/image/product/perfume',
    'yvessaint.jpg',
    'perfume_1.jpg'
);

INSERT INTO TB_PRODUCT(
    PDT_NO,
    PDT_CATEG_NO,
    PDT_NAME,
    PDT_PRICE,
    PDT_STOCK,
    PDT_INTRO,
    PDT_DESCRIPTION,
    PDT_INGREDIENT,
    PDT_SHIPPING,
    PDT_STATUS,
    PDT_GP_STATUS
) VALUES (
    SEQ_PRODUCT.nextval,
    45,
    'GOOD PERFUME',
    80000,
    25,
    '오드 퍼퓸',
    '향이 찐하며 우드 향 향수입니다.',
    '호호바 오일',
    '배송일은 펀딩 확정 이후 12일뒤 배송 예정입니다',
    'Y',
    'N'
);
INSERT INTO TB_PRODUCT_FILE(
    PDT_FILE_NO,
    PDT_NO,
    PDT_FILE_INDEX,
    PDT_FILE_PATH,
    PDT_FILE_ORIGIN,
    PDT_FILE_UPLOAD
) VALUES (
    SEQ_PRODUCT_FILE.NEXTVAL,
    SEQ_PRODUCT.CURRVAL,
    0,
    'resources/image/product/perfume',
    'yvessaint.jpg',
    'perfume_1.jpg'
);
INSERT INTO TB_PRODUCT(
    PDT_NO,
    PDT_CATEG_NO,
    PDT_NAME,
    PDT_PRICE,
    PDT_STOCK,
    PDT_INTRO,
    PDT_DESCRIPTION,
    PDT_INGREDIENT,
    PDT_SHIPPING,
    PDT_STATUS,
    PDT_GP_STATUS
) VALUES (
    SEQ_PRODUCT.nextval,
    46,
    'GOOD PERFUME',
    190000,
    25,
    '오드 퍼퓸',
    '향이 찐하며 우드 향 향수입니다.',
    '호호바 오일',
    '배송일은 펀딩 확정 이후 12일뒤 배송 예정입니다',
    'Y',
    'N'
);
INSERT INTO TB_PRODUCT_FILE(
    PDT_FILE_NO,
    PDT_NO,
    PDT_FILE_INDEX,
    PDT_FILE_PATH,
    PDT_FILE_ORIGIN,
    PDT_FILE_UPLOAD
) VALUES (
    SEQ_PRODUCT_FILE.NEXTVAL,
    SEQ_PRODUCT.CURRVAL,
    0,
    'resources/image/product/perfume',
    'yvessaint.jpg',
    'perfume_1.jpg'
);
INSERT INTO TB_PRODUCT(
    PDT_NO,
    PDT_CATEG_NO,
    PDT_NAME,
    PDT_PRICE,
    PDT_STOCK,
    PDT_INTRO,
    PDT_DESCRIPTION,
    PDT_INGREDIENT,
    PDT_SHIPPING,
    PDT_STATUS,
    PDT_GP_STATUS
) VALUES (
    SEQ_PRODUCT.nextval,
    47,
    'GOOD PERFUME',
    600000,
    25,
    '오드 퍼퓸',
    '향이 찐하며 우드 향 향수입니다.',
    '호호바 오일',
    '배송일은 펀딩 확정 이후 12일뒤 배송 예정입니다',
    'Y',
    'N'
);
INSERT INTO TB_PRODUCT_FILE(
    PDT_FILE_NO,
    PDT_NO,
    PDT_FILE_INDEX,
    PDT_FILE_PATH,
    PDT_FILE_ORIGIN,
    PDT_FILE_UPLOAD
) VALUES (
    SEQ_PRODUCT_FILE.NEXTVAL,
    SEQ_PRODUCT.CURRVAL,
    0,
    'resources/image/product/perfume',
    'yvessaint.jpg',
    'perfume_1.jpg'
);

INSERT INTO TB_PRODUCT(
    PDT_NO,
    PDT_CATEG_NO,
    PDT_NAME,
    PDT_PRICE,
    PDT_STOCK,
    PDT_INTRO,
    PDT_DESCRIPTION,
    PDT_INGREDIENT,
    PDT_SHIPPING,
    PDT_STATUS,
    PDT_GP_STATUS
) VALUES (
    SEQ_PRODUCT.nextval,
    48,
    'ORANGE PERFUME',
    35000,
    30,
    '오드 빠르펭',
    '지속시간 대략 4시간이며 오렌지향 향수입니다. 상큼한 옷에 잘 어울리는 무거운 향입니다.',
    '감귤 오일',
    '배송일은 펀딩 확정 이후 7일뒤 배송 예정입니다',
    'Y',
    'N'
);
INSERT INTO TB_PRODUCT_FILE(
    PDT_FILE_NO,
    PDT_NO,
    PDT_FILE_INDEX,
    PDT_FILE_PATH,
    PDT_FILE_ORIGIN,
    PDT_FILE_UPLOAD
) VALUES (
    SEQ_PRODUCT_FILE.NEXTVAL,
    SEQ_PRODUCT.CURRVAL,
    0,
    'resources/image/product/perfume',
    'yvessaint.jpg',
    'perfume_1.jpg'
);
INSERT INTO TB_PRODUCT(
    PDT_NO,
    PDT_CATEG_NO,
    PDT_NAME,
    PDT_PRICE,
    PDT_STOCK,
    PDT_INTRO,
    PDT_DESCRIPTION,
    PDT_INGREDIENT,
    PDT_SHIPPING,
    PDT_STATUS,
    PDT_GP_STATUS
) VALUES (
    SEQ_PRODUCT.nextval,
    49,
    'ORANGE PERFUME',
    90000,
    50,
    '오드 빠르펭',
    '지속시간 대략 4시간이며 오렌지향 향수입니다. 상큼한 옷에 잘 어울리는 무거운 향입니다.',
    '감귤 오일',
    '배송일은 펀딩 확정 이후 7일뒤 배송 예정입니다',
    'Y',
    'N'
);
INSERT INTO TB_PRODUCT_FILE(
    PDT_FILE_NO,
    PDT_NO,
    PDT_FILE_INDEX,
    PDT_FILE_PATH,
    PDT_FILE_ORIGIN,
    PDT_FILE_UPLOAD
) VALUES (
    SEQ_PRODUCT_FILE.NEXTVAL,
    SEQ_PRODUCT.CURRVAL,
    0,
    'resources/image/product/perfume',
    'yvessaint.jpg',
    'perfume_1.jpg'
);
INSERT INTO TB_PRODUCT(
    PDT_NO,
    PDT_CATEG_NO,
    PDT_NAME,
    PDT_PRICE,
    PDT_STOCK,
    PDT_INTRO,
    PDT_DESCRIPTION,
    PDT_INGREDIENT,
    PDT_SHIPPING,
    PDT_STATUS,
    PDT_GP_STATUS
) VALUES (
    SEQ_PRODUCT.nextval,
    50,
    'ORANGE PERFUME',
    120000,
    10,
    '오드 빠르펭',
    '지속시간 대략 4시간이며 오렌지향 향수입니다. 상큼한 옷에 잘 어울리는 무거운 향입니다.',
    '감귤 오일',
    '배송일은 펀딩 확정 이후 7일뒤 배송 예정입니다',
    'Y',
    'N'
);
INSERT INTO TB_PRODUCT_FILE(
    PDT_FILE_NO,
    PDT_NO,
    PDT_FILE_INDEX,
    PDT_FILE_PATH,
    PDT_FILE_ORIGIN,
    PDT_FILE_UPLOAD
) VALUES (
    SEQ_PRODUCT_FILE.NEXTVAL,
    SEQ_PRODUCT.CURRVAL,
    0,
    'resources/image/product/perfume',
    'yvessaint.jpg',
    'perfume_1.jpg'
);
--
INSERT INTO TB_PRODUCT(
    PDT_NO,
    PDT_CATEG_NO,
    PDT_NAME,
    PDT_PRICE,
    PDT_STOCK,
    PDT_INTRO,
    PDT_DESCRIPTION,
    PDT_INGREDIENT,
    PDT_SHIPPING,
    PDT_STATUS,
    PDT_GP_STATUS
) VALUES (
    SEQ_PRODUCT.nextval,
    51,
    'HAHA PERFUME',
    90000,
    35,
    '오드코롱',
    '향이 무거우며 지속시간은 대략 2시간 정도입니다.정장이나 어두운 색의 코디와 잘 어울립니다.',
    '천연 색소,호호바 오일',
    '배송일은 펀딩 확정 이후 12일뒤 배송 예정입니다',
    'Y',
    'N'
);
INSERT INTO TB_PRODUCT_FILE(
    PDT_FILE_NO,
    PDT_NO,
    PDT_FILE_INDEX,
    PDT_FILE_PATH,
    PDT_FILE_ORIGIN,
    PDT_FILE_UPLOAD
) VALUES (
    SEQ_PRODUCT_FILE.NEXTVAL,
    SEQ_PRODUCT.CURRVAL,
    0,
    'resources/image/product/perfume',
    'yvessaint.jpg',
    'perfume_1.jpg'
);
--
INSERT INTO TB_PRODUCT(
    PDT_NO,
    PDT_CATEG_NO,
    PDT_NAME,
    PDT_PRICE,
    PDT_STOCK,
    PDT_INTRO,
    PDT_DESCRIPTION,
    PDT_INGREDIENT,
    PDT_SHIPPING,
    PDT_STATUS,
    PDT_GP_STATUS
) VALUES (
    SEQ_PRODUCT.nextval,
    52,
    'LIGHT PERFUME',
    50000,
    20,
    '샤워 코롱 ',
    '매우 가벼운 향이며 지속시간은 10시간입니다.',
    '코코넛 오일, 알코올',
    '배송일은 펀딩 확정 이후 10일뒤 배송 예정입니다',
    'Y',
    'N'
);
INSERT INTO TB_PRODUCT_FILE(
    PDT_FILE_NO,
    PDT_NO,
    PDT_FILE_INDEX,
    PDT_FILE_PATH,
    PDT_FILE_ORIGIN,
    PDT_FILE_UPLOAD
) VALUES (
    SEQ_PRODUCT_FILE.NEXTVAL,
    SEQ_PRODUCT.CURRVAL,
    0,
    'resources/image/product/perfume',
    'yvessaint.jpg',
    'perfume_1.jpg'
);
INSERT INTO TB_PRODUCT(
    PDT_NO,
    PDT_CATEG_NO,
    PDT_NAME,
    PDT_PRICE,
    PDT_STOCK,
    PDT_INTRO,
    PDT_DESCRIPTION,
    PDT_INGREDIENT,
    PDT_SHIPPING,
    PDT_STATUS,
    PDT_GP_STATUS
) VALUES (
    SEQ_PRODUCT.nextval,
    53,
    'LIGHT PERFUME',
    97000,
    30,
    '샤워 코롱 ',
    '매우 가벼운 향이며 지속시간은 10시간입니다.',
    '코코넛 오일, 알코올',
    '배송일은 펀딩 확정 이후 10일뒤 배송 예정입니다',
    'Y',
    'N'
);
INSERT INTO TB_PRODUCT_FILE(
    PDT_FILE_NO,
    PDT_NO,
    PDT_FILE_INDEX,
    PDT_FILE_PATH,
    PDT_FILE_ORIGIN,
    PDT_FILE_UPLOAD
) VALUES (
    SEQ_PRODUCT_FILE.NEXTVAL,
    SEQ_PRODUCT.CURRVAL,
    0,
    'resources/image/product/perfume',
    'yvessaint.jpg',
    'perfume_1.jpg'
);
--
INSERT INTO TB_PRODUCT(
    PDT_NO,
    PDT_CATEG_NO,
    PDT_NAME,
    PDT_PRICE,
    PDT_STOCK,
    PDT_INTRO,
    PDT_DESCRIPTION,
    PDT_INGREDIENT,
    PDT_SHIPPING,
    PDT_STATUS,
    PDT_GP_STATUS
) VALUES (
    SEQ_PRODUCT.nextval,
    54,
    'TSP PERFUME',
    40000,
    30,
    '오드 뚜왈렛',
    '여튼 엄청 좋은 향수입니다',
    '호호바 오일',
    '배송일은 펀딩 확정 이후 12일뒤 배송 예정입니다',
    'Y',
    'N'
);
INSERT INTO TB_PRODUCT_FILE(
    PDT_FILE_NO,
    PDT_NO,
    PDT_FILE_INDEX,
    PDT_FILE_PATH,
    PDT_FILE_ORIGIN,
    PDT_FILE_UPLOAD
) VALUES (
    SEQ_PRODUCT_FILE.NEXTVAL,
    SEQ_PRODUCT.CURRVAL,
    0,
    'resources/image/product/perfume',
    'yvessaint.jpg',
    'perfume_1.jpg'
);
--
INSERT INTO TB_PRODUCT(
    PDT_NO,
    PDT_CATEG_NO,
    PDT_NAME,
    PDT_PRICE,
    PDT_STOCK,
    PDT_INTRO,
    PDT_DESCRIPTION,
    PDT_INGREDIENT,
    PDT_SHIPPING,
    PDT_STATUS,
    PDT_GP_STATUS
) VALUES (
    SEQ_PRODUCT.nextval,
    55,
    'HOHO PERFUME',
    75000,
    50,
    '오드코롱',
    '상큼한 복숭아향 데일리 향수로 좋습니다.',
    '복숭아 향,코코넛 오일',
    '배송일은 펀딩 확정 이후 6일뒤 배송 예정입니다',
    'Y',
    'N'
);
INSERT INTO TB_PRODUCT_FILE(
    PDT_FILE_NO,
    PDT_NO,
    PDT_FILE_INDEX,
    PDT_FILE_PATH,
    PDT_FILE_ORIGIN,
    PDT_FILE_UPLOAD
) VALUES (
    SEQ_PRODUCT_FILE.NEXTVAL,
    SEQ_PRODUCT.CURRVAL,
    0,
    'resources/image/product/perfume',
    'yvessaint.jpg',
    'perfume_1.jpg'
);
--
INSERT INTO TB_PRODUCT(
    PDT_NO,
    PDT_CATEG_NO,
    PDT_NAME,
    PDT_PRICE,
    PDT_STOCK,
    PDT_INTRO,
    PDT_DESCRIPTION,
    PDT_INGREDIENT,
    PDT_SHIPPING,
    PDT_STATUS,
    PDT_GP_STATUS
) VALUES (
    SEQ_PRODUCT.nextval,
    56,
    'WOW PERFUME',
    53000,
    50,
    '샤워 코롱',
    '코튼 향 상긋하며 지속시간이 깁니다.',
    '호호바 오일,코튼향',
    '배송일은 펀딩 확정 이후 8일뒤 배송 예정입니다',
    'Y',
    'N'
);
INSERT INTO TB_PRODUCT_FILE(
    PDT_FILE_NO,
    PDT_NO,
    PDT_FILE_INDEX,
    PDT_FILE_PATH,
    PDT_FILE_ORIGIN,
    PDT_FILE_UPLOAD
) VALUES (
    SEQ_PRODUCT_FILE.NEXTVAL,
    SEQ_PRODUCT.CURRVAL,
    0,
    'resources/image/product/perfume',
    'yvessaint.jpg',
    'perfume_1.jpg'
);
--
INSERT INTO TB_PRODUCT(
    PDT_NO,
    PDT_CATEG_NO,
    PDT_NAME,
    PDT_PRICE,
    PDT_STOCK,
    PDT_INTRO,
    PDT_DESCRIPTION,
    PDT_INGREDIENT,
    PDT_SHIPPING,
    PDT_STATUS,
    PDT_GP_STATUS
) VALUES (
    SEQ_PRODUCT.nextval,
    57,
    '한국 향수',
    60000,
    100,
    '오드 뚜왈렛 향수입니다',
    '한국인들이라면 모두가 좋아할 향 . 우드 향.',
    '코코넛 오일, 증류수',
    '배송일은 펀딩 확정 이후 12일뒤 배송 예정입니다',
    'Y',
    'N'
);
INSERT INTO TB_PRODUCT_FILE(
    PDT_FILE_NO,
    PDT_NO,
    PDT_FILE_INDEX,
    PDT_FILE_PATH,
    PDT_FILE_ORIGIN,
    PDT_FILE_UPLOAD
) VALUES (
    SEQ_PRODUCT_FILE.NEXTVAL,
    SEQ_PRODUCT.CURRVAL,
    0,
    'resources/image/product/perfume',
    'yvessaint.jpg',
    'perfume_1.jpg'
);
INSERT INTO TB_PRODUCT(
    PDT_NO,
    PDT_CATEG_NO,
    PDT_NAME,
    PDT_PRICE,
    PDT_STOCK,
    PDT_INTRO,
    PDT_DESCRIPTION,
    PDT_INGREDIENT,
    PDT_SHIPPING,
    PDT_STATUS,
    PDT_GP_STATUS
) VALUES (
    SEQ_PRODUCT.nextval,
    58,
    '한국 향수',
    117000,
    70,
    '오드 뚜왈렛 향수입니다',
    '한국인들이라면 모두가 좋아할 향 . 우드 향.',
    '코코넛 오일, 증류수',
    '배송일은 펀딩 확정 이후 12일뒤 배송 예정입니다',
    'Y',
    'N'
);
INSERT INTO TB_PRODUCT_FILE(
    PDT_FILE_NO,
    PDT_NO,
    PDT_FILE_INDEX,
    PDT_FILE_PATH,
    PDT_FILE_ORIGIN,
    PDT_FILE_UPLOAD
) VALUES (
    SEQ_PRODUCT_FILE.NEXTVAL,
    SEQ_PRODUCT.CURRVAL,
    0,
    'resources/image/product/perfume',
    'yvessaint.jpg',
    'perfume_1.jpg'
);
--
INSERT INTO TB_PRODUCT(
    PDT_NO,
    PDT_CATEG_NO,
    PDT_NAME,
    PDT_PRICE,
    PDT_STOCK,
    PDT_INTRO,
    PDT_DESCRIPTION,
    PDT_INGREDIENT,
    PDT_SHIPPING,
    PDT_STATUS,
    PDT_GP_STATUS
) VALUES (
    SEQ_PRODUCT.nextval,
    59,
    'DDP PERFUME',
    25000,
    50,
    '지속력이 좋은 오드 퍼퓸입니다.',
    '남성에게 잘 어울리는 무겁고 찐한 향',
    '호호바 오일,증류수',
    '배송일은 펀딩 확정 이후 10일뒤 배송 예정입니다',
    'Y',
    'N'
);
INSERT INTO TB_PRODUCT_FILE(
    PDT_FILE_NO,
    PDT_NO,
    PDT_FILE_INDEX,
    PDT_FILE_PATH,
    PDT_FILE_ORIGIN,
    PDT_FILE_UPLOAD
) VALUES (
    SEQ_PRODUCT_FILE.NEXTVAL,
    SEQ_PRODUCT.CURRVAL,
    0,
    'resources/image/product/perfume',
    'yvessaint.jpg',
    'perfume_1.jpg'
);
INSERT INTO TB_PRODUCT(
    PDT_NO,
    PDT_CATEG_NO,
    PDT_NAME,
    PDT_PRICE,
    PDT_STOCK,
    PDT_INTRO,
    PDT_DESCRIPTION,
    PDT_INGREDIENT,
    PDT_SHIPPING,
    PDT_STATUS,
    PDT_GP_STATUS
) VALUES (
    SEQ_PRODUCT.nextval,
    60,
    'DDP PERFUME',
    70000,
    30,
    '30ML의 적당한 용량, 지속력이 좋은 오드 퍼퓸입니다.',
    '남성에게 잘 어울리는 무겁고 찐한 향',
    '호호바 오일,증류수',
    '배송일은 펀딩 확정 이후 10일뒤 배송 예정입니다',
    'Y',
    'N'
);
INSERT INTO TB_PRODUCT_FILE(
    PDT_FILE_NO,
    PDT_NO,
    PDT_FILE_INDEX,
    PDT_FILE_PATH,
    PDT_FILE_ORIGIN,
    PDT_FILE_UPLOAD
) VALUES (
    SEQ_PRODUCT_FILE.NEXTVAL,
    SEQ_PRODUCT.CURRVAL,
    0,
    'resources/image/product/perfume',
    'yvessaint.jpg',
    'perfume_1.jpg'
);
INSERT INTO TB_PRODUCT(
    PDT_NO,
    PDT_CATEG_NO,
    PDT_NAME,
    PDT_PRICE,
    PDT_STOCK,
    PDT_INTRO,
    PDT_DESCRIPTION,
    PDT_INGREDIENT,
    PDT_SHIPPING,
    PDT_STATUS,
    PDT_GP_STATUS
) VALUES (
    SEQ_PRODUCT.nextval,
    61,
    'DDP PERFUME',
    125000,
    30,
    '지속력이 좋은 50ML 오드 퍼퓸입니다.',
    '남성에게 잘 어울리는 무겁고 찐한 향',
    '호호바 오일,증류수',
    '배송일은 펀딩 확정 이후 10일뒤 배송 예정입니다',
    'Y',
    'N'
);
INSERT INTO TB_PRODUCT_FILE(
    PDT_FILE_NO,
    PDT_NO,
    PDT_FILE_INDEX,
    PDT_FILE_PATH,
    PDT_FILE_ORIGIN,
    PDT_FILE_UPLOAD
) VALUES (
    SEQ_PRODUCT_FILE.NEXTVAL,
    SEQ_PRODUCT.CURRVAL,
    0,
    'resources/image/product/perfume',
    'yvessaint.jpg',
    'perfume_1.jpg'
);


-------------------
INSERT INTO TB_PRODUCT_OPTION VALUES(
    SEQ_PRODUCT_OPTION.NEXTVAL,
    1,
    '500ML',
    '4.5EJ'
);
INSERT INTO TB_PRODUCT_OPTION VALUES(
    SEQ_PRODUCT_OPTION.NEXTVAL,
    2,
    '750ML',
    '8.5도'
);
INSERT INTO TB_PRODUCT_OPTION VALUES(
    SEQ_PRODUCT_OPTION.NEXTVAL,
    3,
    '600ML',
    '23도'
);
INSERT INTO TB_PRODUCT_OPTION VALUES(
    SEQ_PRODUCT_OPTION.NEXTVAL,
    4,
    '500ML',
    '5도'
);
INSERT INTO TB_PRODUCT_OPTION VALUES(
    SEQ_PRODUCT_OPTION.NEXTVAL,
    5,
    '750ML',
    '9도'
);
INSERT INTO TB_PRODUCT_OPTION VALUES(
    SEQ_PRODUCT_OPTION.NEXTVAL,
    6,
    '500ML',
    '25도'
);
INSERT INTO TB_PRODUCT_OPTION VALUES(
    SEQ_PRODUCT_OPTION.NEXTVAL,
    7,
    '500ML',
    '5도'
);
INSERT INTO TB_PRODUCT_OPTION VALUES(
    SEQ_PRODUCT_OPTION.NEXTVAL,
    8,
    '450ML',
    '12도'
);
INSERT INTO TB_PRODUCT_OPTION VALUES(
    SEQ_PRODUCT_OPTION.NEXTVAL,
    9,
    '750ML',
    '11도'
);
INSERT INTO TB_PRODUCT_OPTION VALUES(
    SEQ_PRODUCT_OPTION.NEXTVAL,
    10,
    '450ML',
    '15도'
);
INSERT INTO TB_PRODUCT_OPTION VALUES(
    SEQ_PRODUCT_OPTION.NEXTVAL,
    11,
    '250ML',
    ''
);
INSERT INTO TB_PRODUCT_OPTION VALUES(
    SEQ_PRODUCT_OPTION.NEXTVAL,
    12,
    '250ML',
    ''
);
INSERT INTO TB_PRODUCT_OPTION VALUES(
    SEQ_PRODUCT_OPTION.NEXTVAL,
    13,
    '350ML',
    ''
);
INSERT INTO TB_PRODUCT_OPTION VALUES(
    SEQ_PRODUCT_OPTION.NEXTVAL,
    14,
    '200ML',
    ''
);
INSERT INTO TB_PRODUCT_OPTION VALUES(
    SEQ_PRODUCT_OPTION.NEXTVAL,
    15,
    '300ML',
    ''
);
INSERT INTO TB_PRODUCT_OPTION VALUES(
    SEQ_PRODUCT_OPTION.NEXTVAL,
    16,
    '300ML',
    ''
);
INSERT INTO TB_PRODUCT_OPTION VALUES(
    SEQ_PRODUCT_OPTION.NEXTVAL,
    17,
    '250ML',
    ''
);
INSERT INTO TB_PRODUCT_OPTION VALUES(
    SEQ_PRODUCT_OPTION.NEXTVAL,
    18,
    '350ML',
    ''
);
INSERT INTO TB_PRODUCT_OPTION VALUES(
    SEQ_PRODUCT_OPTION.NEXTVAL,
    19,
    '250ML',
    ''
);
INSERT INTO TB_PRODUCT_OPTION VALUES(
    SEQ_PRODUCT_OPTION.NEXTVAL,
    20,
    '200ML',
    ''
);
COMMIT;

INSERT INTO TB_USER(
    USER_NO,
    USER_EMAIL,
    NICKNAME,
    USER_PWD,
    USER_NAME,
    STATUS,
    MEMBER_TYPE,
    BUSINESS_REG,
    BIRTH_DATE
) VALUES (
    SEQ_USER.NEXTVAL,
    'admin@admin.com',
    '관리자',
    '$2a$10$KgPq0hwzGNi04sb4X25luOq6drkgBjisF.4H05/Xp4A4QKL028dVa',
    '관리자',  
    'Y',
    'A',
    'Y',
    '19901201'
);
INSERT INTO
TB_RECEIVER(
    RECEIVER_NO,
    USER_NO,
    RECEIVER_NAME,
    PHONE,
    ADDRESS,
    ADDRESS_DETAIL,
    POSTAL_CODE,
    PLACE_ALIAS,
    PRIMARY_STATUS
) VALUES (
    SEQ_RECEIVER.NEXTVAL,
    SEQ_USER.CURRVAL,
    '관리자',
    '010-1111-2222',
    '서울특별시 중구 남대문로 120 그레이츠 청계(구 대일빌딩) ',  
    '2F, 3F',
    '11111',
    '학원' ,
    'Y'
);

INSERT INTO TB_USER(
    USER_NO,
    USER_EMAIL,
    NICKNAME,
    USER_PWD,
    USER_NAME,
    STATUS,
    MEMBER_TYPE,
    BUSINESS_REG,
    BIRTH_DATE
) VALUES (
    SEQ_USER.NEXTVAL,
    'sales@sales.com',
    '판매자',
    '$2a$10$KgPq0hwzGNi04sb4X25luOq6drkgBjisF.4H05/Xp4A4QKL028dVa',
    '판매자',  
    'Y',
    'S',
    'Y',
    '20231114'
);

INSERT INTO
TB_RECEIVER(
    RECEIVER_NO,
    USER_NO,
    RECEIVER_NAME,
    PHONE,
    ADDRESS,
    ADDRESS_DETAIL,
    POSTAL_CODE,
    PLACE_ALIAS,
    PRIMARY_STATUS
) VALUES (
    SEQ_RECEIVER.NEXTVAL,
    SEQ_USER.CURRVAL,
    '판매자',
    '010-1111-2222',
    '서울특별시 중구 남대문로 120 그레이츠 청계(구 대일빌딩) ',  
    '2F, 3F',
    '00000',
    '학원' ,
    'Y'
);


INSERT INTO TB_USER(
    USER_NO,
    USER_EMAIL,
    NICKNAME,
    USER_PWD,
    USER_NAME,
    STATUS,
    MEMBER_TYPE,
    BUSINESS_REG,
    BIRTH_DATE
) VALUES (
    SEQ_USER.NEXTVAL,
    'user01@gmail.com',
    '유저임',
    '$2a$10$KgPq0hwzGNi04sb4X25luOq6drkgBjisF.4H05/Xp4A4QKL028dVa',
    '김유저',  
    'Y',
    'U',
    'N',
    '19851114'
);
INSERT INTO TB_USER(
    USER_NO,
    USER_EMAIL,
    NICKNAME,
    USER_PWD,
    USER_NAME,
    STATUS,
    MEMBER_TYPE,
    BUSINESS_REG,
    BIRTH_DATE
) VALUES (
    SEQ_USER.NEXTVAL,
    'user02@gmail.com',
    '유저잉',
    '$2a$10$KgPq0hwzGNi04sb4X25luOq6drkgBjisF.4H05/Xp4A4QKL028dVa',
    '이유저',  
    'Y',
    'U',
    'N',
    '19901114'
);

INSERT INTO TB_USER(
    USER_NO,
    USER_EMAIL,
    NICKNAME,
    USER_PWD,
    USER_NAME,
    STATUS,
    MEMBER_TYPE,
    BUSINESS_REG,
    BIRTH_DATE
) VALUES (
    SEQ_USER.NEXTVAL,
    'user03@gmail.com',
    '유저지용',
    '$2a$10$KgPq0hwzGNi04sb4X25luOq6drkgBjisF.4H05/Xp4A4QKL028dVa',
    '최유저',  
    'Y',
    'U',
    'N',
    '19951114'
);
COMMIT;



INSERT INTO TB_REVIEW(REVIEW_NO,USER_NO,REVIEW_SCORE,REVIEW_CONTENT,PDT_NO
) VALUES (
    SEQ_REVIEW.NEXTVAL,
    1,
    5,
    '추석전주에 한 주문이라 연휴 중간에 껴서 배송이 너무 늦어질까 조마조마했습니다 다행히 딱10일 걸리고 잘 받았네요.',
    4
);
INSERT INTO TB_REVIEW_FILE(REVIEW_FILE_NO,REVIEW_FILE_ORIGIN,REVIEW_FILE_UPLOAD,REVIEW_FILE_PATH,REVIEW_FILE_INDEX,REVIEW_NO
) VALUES (SEQ_REVIEW_FILE.NEXTVAL,'pic1.png','review_1.png','resources/image/community/review',0,SEQ_REVIEW.CURRVAL);
INSERT INTO TB_REVIEW_FILE(REVIEW_FILE_NO,REVIEW_FILE_ORIGIN,REVIEW_FILE_UPLOAD,REVIEW_FILE_PATH,REVIEW_FILE_INDEX,REVIEW_NO
) VALUES (SEQ_REVIEW_FILE.NEXTVAL,'pic2.jpg','review_2.jpg','resources/image/community/review',1,SEQ_REVIEW.CURRVAL);
INSERT INTO TB_REVIEW_FILE(REVIEW_FILE_NO,REVIEW_FILE_ORIGIN,REVIEW_FILE_UPLOAD,REVIEW_FILE_PATH,REVIEW_FILE_INDEX,REVIEW_NO
) VALUES (SEQ_REVIEW_FILE.NEXTVAL,'pic3.jpg','review_3.jpg','resources/image/community/review',2,SEQ_REVIEW.CURRVAL);

INSERT INTO TB_REVIEW(REVIEW_NO,USER_NO,REVIEW_SCORE,REVIEW_CONTENT,PDT_NO
) VALUES (
    SEQ_REVIEW.NEXTVAL,
    1,
    5,
    '술과 타바코 그리고 바닐라의 환상적인 조합.
반지하 오래된 고목 가구로 된 테이블바에서
Harry James 재즈뮤지션과 맥컬린 한 잔 하는
분위기의 향인 것 같아요!!',
    4
);
INSERT INTO TB_REVIEW_FILE(REVIEW_FILE_NO,REVIEW_FILE_ORIGIN,REVIEW_FILE_UPLOAD,REVIEW_FILE_PATH,REVIEW_FILE_INDEX,REVIEW_NO
) VALUES (SEQ_REVIEW_FILE.NEXTVAL,'pic2.jpg','review_2.jpg','resources/image/community/review',0,SEQ_REVIEW.CURRVAL);
INSERT INTO TB_REVIEW_FILE(REVIEW_FILE_NO,REVIEW_FILE_ORIGIN,REVIEW_FILE_UPLOAD,REVIEW_FILE_PATH,REVIEW_FILE_INDEX,REVIEW_NO
) VALUES (SEQ_REVIEW_FILE.NEXTVAL,'pic1.png','review_1.png','resources/image/community/review',1,SEQ_REVIEW.CURRVAL);
INSERT INTO TB_REVIEW_FILE(REVIEW_FILE_NO,REVIEW_FILE_ORIGIN,REVIEW_FILE_UPLOAD,REVIEW_FILE_PATH,REVIEW_FILE_INDEX,REVIEW_NO
) VALUES (SEQ_REVIEW_FILE.NEXTVAL,'pic3.jpg','review_3.jpg','resources/image/community/review',2,SEQ_REVIEW.CURRVAL);

INSERT INTO TB_REVIEW(REVIEW_NO,USER_NO,REVIEW_SCORE,REVIEW_CONTENT,PDT_NO
) VALUES (
    SEQ_REVIEW.NEXTVAL,
    1,
    5,
    '잘 받았습니다 ㅎㅎ 벌써 4번째인지 5번째 구매네요.',
    4
);
INSERT INTO TB_REVIEW_FILE(REVIEW_FILE_NO,REVIEW_FILE_ORIGIN,REVIEW_FILE_UPLOAD,REVIEW_FILE_PATH,REVIEW_FILE_INDEX,REVIEW_NO
) VALUES (SEQ_REVIEW_FILE.NEXTVAL,'pic3.jpg','review_3.jpg','resources/image/community/review',0,SEQ_REVIEW.CURRVAL);
INSERT INTO TB_REVIEW_FILE(REVIEW_FILE_NO,REVIEW_FILE_ORIGIN,REVIEW_FILE_UPLOAD,REVIEW_FILE_PATH,REVIEW_FILE_INDEX,REVIEW_NO
) VALUES (SEQ_REVIEW_FILE.NEXTVAL,'pic2.jpg','review_2.jpg','resources/image/community/review',1,SEQ_REVIEW.CURRVAL);
INSERT INTO TB_REVIEW_FILE(REVIEW_FILE_NO,REVIEW_FILE_ORIGIN,REVIEW_FILE_UPLOAD,REVIEW_FILE_PATH,REVIEW_FILE_INDEX,REVIEW_NO
) VALUES (SEQ_REVIEW_FILE.NEXTVAL,'pic1.png','review_1.png','resources/image/community/review',2,SEQ_REVIEW.CURRVAL);

INSERT INTO TB_REVIEW(REVIEW_NO,USER_NO,REVIEW_SCORE,REVIEW_CONTENT,PDT_NO
) VALUES (
    SEQ_REVIEW.NEXTVAL,
    4,
    3,
    '추석전주에 한 주문이라 연휴 중간에 껴서 배송이 너무 늦어질까 조마조마했습니다 다행히 딱10일 걸리고 잘 받았네요.',
    21
);
INSERT INTO TB_REVIEW_FILE(REVIEW_FILE_NO,REVIEW_FILE_ORIGIN,REVIEW_FILE_UPLOAD,REVIEW_FILE_PATH,REVIEW_FILE_INDEX,REVIEW_NO
) VALUES (SEQ_REVIEW_FILE.NEXTVAL,'pic1.png','review_1.png','resources/image/community/review',0,SEQ_REVIEW.CURRVAL);
INSERT INTO TB_REVIEW_FILE(REVIEW_FILE_NO,REVIEW_FILE_ORIGIN,REVIEW_FILE_UPLOAD,REVIEW_FILE_PATH,REVIEW_FILE_INDEX,REVIEW_NO
) VALUES (SEQ_REVIEW_FILE.NEXTVAL,'pic2.jpg','review_2.jpg','resources/image/community/review',1,SEQ_REVIEW.CURRVAL);
INSERT INTO TB_REVIEW_FILE(REVIEW_FILE_NO,REVIEW_FILE_ORIGIN,REVIEW_FILE_UPLOAD,REVIEW_FILE_PATH,REVIEW_FILE_INDEX,REVIEW_NO
) VALUES (SEQ_REVIEW_FILE.NEXTVAL,'pic3.jpg','review_3.jpg','resources/image/community/review',2,SEQ_REVIEW.CURRVAL);


INSERT INTO TB_REVIEW(REVIEW_NO,USER_NO,REVIEW_SCORE,REVIEW_CONTENT,PDT_NO
) VALUES (
    SEQ_REVIEW.NEXTVAL,
    4,
    2,
    '추석전주에 한 주문이라 연휴 중간에 껴서 배송이 너무 늦어질까 조마조마했습니다 다행히 딱10일 걸리고 잘 받았네요.',
    21
);
INSERT INTO TB_REVIEW_FILE(REVIEW_FILE_NO,REVIEW_FILE_ORIGIN,REVIEW_FILE_UPLOAD,REVIEW_FILE_PATH,REVIEW_FILE_INDEX,REVIEW_NO
) VALUES (SEQ_REVIEW_FILE.NEXTVAL,'pic1.png','review_1.png','resources/image/community/review',0,SEQ_REVIEW.CURRVAL);
INSERT INTO TB_REVIEW_FILE(REVIEW_FILE_NO,REVIEW_FILE_ORIGIN,REVIEW_FILE_UPLOAD,REVIEW_FILE_PATH,REVIEW_FILE_INDEX,REVIEW_NO
) VALUES (SEQ_REVIEW_FILE.NEXTVAL,'pic2.jpg','review_2.jpg','resources/image/community/review',1,SEQ_REVIEW.CURRVAL);
INSERT INTO TB_REVIEW_FILE(REVIEW_FILE_NO,REVIEW_FILE_ORIGIN,REVIEW_FILE_UPLOAD,REVIEW_FILE_PATH,REVIEW_FILE_INDEX,REVIEW_NO
) VALUES (SEQ_REVIEW_FILE.NEXTVAL,'pic3.jpg','review_3.jpg','resources/image/community/review',2,SEQ_REVIEW.CURRVAL);

INSERT INTO TB_REVIEW(REVIEW_NO,USER_NO,REVIEW_SCORE,REVIEW_CONTENT,PDT_NO
) VALUES (
    SEQ_REVIEW.NEXTVAL,
    4,
    3,
    '추석전주에 한 주문이라 연휴 중간에 껴서 배송이 너무 늦어질까 조마조마했습니다 다행히 딱10일 걸리고 잘 받았네요.',
    22
);
INSERT INTO TB_REVIEW_FILE(REVIEW_FILE_NO,REVIEW_FILE_ORIGIN,REVIEW_FILE_UPLOAD,REVIEW_FILE_PATH,REVIEW_FILE_INDEX,REVIEW_NO
) VALUES (SEQ_REVIEW_FILE.NEXTVAL,'pic1.png','review_1.png','resources/image/community/review',0,SEQ_REVIEW.CURRVAL);
INSERT INTO TB_REVIEW_FILE(REVIEW_FILE_NO,REVIEW_FILE_ORIGIN,REVIEW_FILE_UPLOAD,REVIEW_FILE_PATH,REVIEW_FILE_INDEX,REVIEW_NO
) VALUES (SEQ_REVIEW_FILE.NEXTVAL,'pic2.jpg','review_2.jpg','resources/image/community/review',1,SEQ_REVIEW.CURRVAL);
INSERT INTO TB_REVIEW_FILE(REVIEW_FILE_NO,REVIEW_FILE_ORIGIN,REVIEW_FILE_UPLOAD,REVIEW_FILE_PATH,REVIEW_FILE_INDEX,REVIEW_NO
) VALUES (SEQ_REVIEW_FILE.NEXTVAL,'pic3.jpg','review_3.jpg','resources/image/community/review',2,SEQ_REVIEW.CURRVAL);

INSERT INTO TB_REVIEW(REVIEW_NO,USER_NO,REVIEW_SCORE,REVIEW_CONTENT,PDT_NO
) VALUES (
    SEQ_REVIEW.NEXTVAL,
    5,
    2,
    '추석전주에 한 주문이라 연휴 중간에 껴서 배송이 너무 늦어질까 조마조마했습니다 다행히 딱10일 걸리고 잘 받았네요.',
    30
);
INSERT INTO TB_REVIEW_FILE(REVIEW_FILE_NO,REVIEW_FILE_ORIGIN,REVIEW_FILE_UPLOAD,REVIEW_FILE_PATH,REVIEW_FILE_INDEX,REVIEW_NO
) VALUES (SEQ_REVIEW_FILE.NEXTVAL,'pic1.png','review_1.png','resources/image/community/review',0,SEQ_REVIEW.CURRVAL);
INSERT INTO TB_REVIEW_FILE(REVIEW_FILE_NO,REVIEW_FILE_ORIGIN,REVIEW_FILE_UPLOAD,REVIEW_FILE_PATH,REVIEW_FILE_INDEX,REVIEW_NO
) VALUES (SEQ_REVIEW_FILE.NEXTVAL,'pic2.jpg','review_2.jpg','resources/image/community/review',1,SEQ_REVIEW.CURRVAL);
INSERT INTO TB_REVIEW_FILE(REVIEW_FILE_NO,REVIEW_FILE_ORIGIN,REVIEW_FILE_UPLOAD,REVIEW_FILE_PATH,REVIEW_FILE_INDEX,REVIEW_NO
) VALUES (SEQ_REVIEW_FILE.NEXTVAL,'pic3.jpg','review_3.jpg','resources/image/community/review',2,SEQ_REVIEW.CURRVAL);


INSERT INTO TB_REVIEW(REVIEW_NO,USER_NO,REVIEW_SCORE,REVIEW_CONTENT,PDT_NO
) VALUES (
    SEQ_REVIEW.NEXTVAL,
    4,
    2,
    '술과 타바코 그리고 바닐라의 환상적인 조합.
반지하 오래된 고목 가구로 된 테이블바에서
Harry James 재즈뮤지션과 맥컬린 한 잔 하는
분위기의 향인 것 같아요!!',
    31
);
INSERT INTO TB_REVIEW_FILE(REVIEW_FILE_NO,REVIEW_FILE_ORIGIN,REVIEW_FILE_UPLOAD,REVIEW_FILE_PATH,REVIEW_FILE_INDEX,REVIEW_NO
) VALUES (SEQ_REVIEW_FILE.NEXTVAL,'pic2.jpg','review_2.jpg','resources/image/community/review',0,SEQ_REVIEW.CURRVAL);
INSERT INTO TB_REVIEW_FILE(REVIEW_FILE_NO,REVIEW_FILE_ORIGIN,REVIEW_FILE_UPLOAD,REVIEW_FILE_PATH,REVIEW_FILE_INDEX,REVIEW_NO
) VALUES (SEQ_REVIEW_FILE.NEXTVAL,'pic1.png','review_1.png','resources/image/community/review',1,SEQ_REVIEW.CURRVAL);
INSERT INTO TB_REVIEW_FILE(REVIEW_FILE_NO,REVIEW_FILE_ORIGIN,REVIEW_FILE_UPLOAD,REVIEW_FILE_PATH,REVIEW_FILE_INDEX,REVIEW_NO
) VALUES (SEQ_REVIEW_FILE.NEXTVAL,'pic3.jpg','review_3.jpg','resources/image/community/review',2,SEQ_REVIEW.CURRVAL);

INSERT INTO TB_REVIEW(REVIEW_NO,USER_NO,REVIEW_SCORE,REVIEW_CONTENT,PDT_NO
) VALUES (
    SEQ_REVIEW.NEXTVAL,
    5,
    2,
    '잘 받았습니다 ㅎㅎ 벌써 4번째인지 5번째 구매네요.',
    32
);
INSERT INTO TB_REVIEW_FILE(REVIEW_FILE_NO,REVIEW_FILE_ORIGIN,REVIEW_FILE_UPLOAD,REVIEW_FILE_PATH,REVIEW_FILE_INDEX,REVIEW_NO
) VALUES (SEQ_REVIEW_FILE.NEXTVAL,'pic3.jpg','review_3.jpg','resources/image/community/review',0,SEQ_REVIEW.CURRVAL);
INSERT INTO TB_REVIEW_FILE(REVIEW_FILE_NO,REVIEW_FILE_ORIGIN,REVIEW_FILE_UPLOAD,REVIEW_FILE_PATH,REVIEW_FILE_INDEX,REVIEW_NO
) VALUES (SEQ_REVIEW_FILE.NEXTVAL,'pic2.jpg','review_2.jpg','resources/image/community/review',1,SEQ_REVIEW.CURRVAL);
INSERT INTO TB_REVIEW_FILE(REVIEW_FILE_NO,REVIEW_FILE_ORIGIN,REVIEW_FILE_UPLOAD,REVIEW_FILE_PATH,REVIEW_FILE_INDEX,REVIEW_NO
) VALUES (SEQ_REVIEW_FILE.NEXTVAL,'pic1.png','review_1.png','resources/image/community/review',2,SEQ_REVIEW.CURRVAL);

INSERT INTO TB_REVIEW(REVIEW_NO,USER_NO,REVIEW_SCORE,REVIEW_CONTENT,PDT_NO
) VALUES (
    SEQ_REVIEW.NEXTVAL,
    5,
    2,
    '넘느려요',
    33
);
INSERT INTO TB_REVIEW_FILE(REVIEW_FILE_NO,REVIEW_FILE_ORIGIN,REVIEW_FILE_UPLOAD,REVIEW_FILE_PATH,REVIEW_FILE_INDEX,REVIEW_NO
) VALUES (SEQ_REVIEW_FILE.NEXTVAL,'pic1.png','review_1.png','resources/image/community/review',0,SEQ_REVIEW.CURRVAL);
INSERT INTO TB_REVIEW_FILE(REVIEW_FILE_NO,REVIEW_FILE_ORIGIN,REVIEW_FILE_UPLOAD,REVIEW_FILE_PATH,REVIEW_FILE_INDEX,REVIEW_NO
) VALUES (SEQ_REVIEW_FILE.NEXTVAL,'pic2.jpg','review_2.jpg','resources/image/community/review',1,SEQ_REVIEW.CURRVAL);
INSERT INTO TB_REVIEW_FILE(REVIEW_FILE_NO,REVIEW_FILE_ORIGIN,REVIEW_FILE_UPLOAD,REVIEW_FILE_PATH,REVIEW_FILE_INDEX,REVIEW_NO
) VALUES (SEQ_REVIEW_FILE.NEXTVAL,'pic3.jpg','review_3.jpg','resources/image/community/review',2,SEQ_REVIEW.CURRVAL);


INSERT INTO
TB_NOTICE(
NOTICE_NO,
NOTICE_CTGY,
NOTICE_TITLE,
NOTICE_CONTENT,
NOTICE_THUMBNAIL_FILE,
NOTICE_FILE) VALUES (
SEQ_NOTICE.NEXTVAL,
'공지',
'팁시퍼품 명의도용 및 사칭주의 안내',
'안녕하세요, 팁시퍼퓸입니다. 





최근 [팁시퍼퓸]의 이름으로 고객님들께 ''이벤트 진행'' 또는 ''이벤트 당첨'' 의 내용으로

유선 및 문자로 연락하는 취하는 등의 명의도용이 발생하여 안내드립니다.





팁시퍼퓸은 결코 ''010'' 번호로 

고객님께 이벤트 진행의 목적으로 개별적으로 연락 드리지 않으며, 

공식적으로 진행되는 모든 이벤트는 팁시퍼퓸 공식 사이트 및 인스타그램에 고지됨을 안내드립니다. 

(고지되지 않은 이벤트는 당사에서 진행하지 않는 이벤트입니다)







명의도용 번호  :   010-7707-0473



자세한 사항은 하기의 이미지를 참고부탁드립니다.',
'resources/image/community/notice/notice_2023112214245827402.jpg',
'resources/image/community/notice/notice_2023112214245817848.jpg'
);

COMMIT;

-- 더미추가
-- TB_RECEIVER
INSERT INTO TB_RECEIVER (RECEIVER_NO, USER_NO, RECEIVER_NAME, PHONE, ADDRESS, POSTAL_CODE) VALUES (SEQ_RECEIVER.NEXTVAL,2,'받는홍길동','010-1234-5678','서울 서대문구',22222);

INSERT INTO TB_RECEIVER (RECEIVER_NO, USER_NO, RECEIVER_NAME, PHONE, ADDRESS, POSTAL_CODE) VALUES (SEQ_RECEIVER.NEXTVAL,3,'받는김길동','010-3333-2222','서울 종로구',33333);

INSERT INTO TB_RECEIVER (RECEIVER_NO, USER_NO, RECEIVER_NAME, PHONE, ADDRESS, POSTAL_CODE) VALUES (SEQ_RECEIVER.NEXTVAL,4,'받는이길동','010-0022-1222','서울 마포구',44444);

INSERT INTO TB_RECEIVER (RECEIVER_NO, USER_NO, RECEIVER_NAME, PHONE, ADDRESS, POSTAL_CODE) VALUES (SEQ_RECEIVER.NEXTVAL,5,'받는최길동','010-1234-2222','서울 강남구',55555);
COMMIT;

-- TB_ORDER
INSERT INTO TB_ORDER (ORDER_NO, USER_NO, RECEIVER_NO) VALUES (SEQ_ORDER.NEXTVAL,1,1);

INSERT INTO TB_ORDER (ORDER_NO, USER_NO, RECEIVER_NO) VALUES (SEQ_ORDER.NEXTVAL,1,2);

INSERT INTO TB_ORDER (ORDER_NO, USER_NO, RECEIVER_NO) VALUES (SEQ_ORDER.NEXTVAL,1,3);

INSERT INTO TB_ORDER (ORDER_NO, USER_NO, RECEIVER_NO) VALUES (SEQ_ORDER.NEXTVAL,1,4);

INSERT INTO TB_ORDER (ORDER_NO, USER_NO, RECEIVER_NO) VALUES (SEQ_ORDER.NEXTVAL,1,5);

INSERT INTO TB_ORDER (ORDER_NO, USER_NO, RECEIVER_NO) VALUES (SEQ_ORDER.NEXTVAL,1,3);

INSERT INTO TB_ORDER (ORDER_NO, USER_NO, RECEIVER_NO) VALUES (SEQ_ORDER.NEXTVAL,2,3);

INSERT INTO TB_ORDER (ORDER_NO, USER_NO, RECEIVER_NO) VALUES (SEQ_ORDER.NEXTVAL,2,3);

INSERT INTO TB_ORDER (ORDER_NO, USER_NO, RECEIVER_NO) VALUES (SEQ_ORDER.NEXTVAL,2,4);

INSERT INTO TB_ORDER (ORDER_NO, USER_NO, RECEIVER_NO) VALUES (SEQ_ORDER.NEXTVAL,2,5);

INSERT INTO TB_ORDER (ORDER_NO, USER_NO, RECEIVER_NO) VALUES (SEQ_ORDER.NEXTVAL,2,1);

INSERT INTO TB_ORDER (ORDER_NO, USER_NO, RECEIVER_NO) VALUES (SEQ_ORDER.NEXTVAL,2,4);

INSERT INTO TB_ORDER (ORDER_NO, USER_NO, RECEIVER_NO) VALUES (SEQ_ORDER.NEXTVAL,2,3);

INSERT INTO TB_ORDER (ORDER_NO, USER_NO, RECEIVER_NO) VALUES (SEQ_ORDER.NEXTVAL,2,4);

INSERT INTO TB_ORDER (ORDER_NO, USER_NO, RECEIVER_NO) VALUES (SEQ_ORDER.NEXTVAL,2,5);

INSERT INTO TB_ORDER (ORDER_NO, USER_NO, RECEIVER_NO) VALUES (SEQ_ORDER.NEXTVAL,3,2);

INSERT INTO TB_ORDER (ORDER_NO, USER_NO, RECEIVER_NO) VALUES (SEQ_ORDER.NEXTVAL,3,1);

INSERT INTO TB_ORDER (ORDER_NO, USER_NO, RECEIVER_NO) VALUES (SEQ_ORDER.NEXTVAL,3,4);

INSERT INTO TB_ORDER (ORDER_NO, USER_NO, RECEIVER_NO) VALUES (SEQ_ORDER.NEXTVAL,3,5);

INSERT INTO TB_ORDER (ORDER_NO, USER_NO, RECEIVER_NO) VALUES (SEQ_ORDER.NEXTVAL,3,1);

INSERT INTO TB_ORDER (ORDER_NO, USER_NO, RECEIVER_NO) VALUES (SEQ_ORDER.NEXTVAL,3,2);

INSERT INTO TB_ORDER (ORDER_NO, USER_NO, RECEIVER_NO) VALUES (SEQ_ORDER.NEXTVAL,4,1);

INSERT INTO TB_ORDER (ORDER_NO, USER_NO, RECEIVER_NO) VALUES (SEQ_ORDER.NEXTVAL,4,2);

INSERT INTO TB_ORDER (ORDER_NO, USER_NO, RECEIVER_NO) VALUES (SEQ_ORDER.NEXTVAL,4,3);

INSERT INTO TB_ORDER (ORDER_NO, USER_NO, RECEIVER_NO) VALUES (SEQ_ORDER.NEXTVAL,5,4);

INSERT INTO TB_ORDER (ORDER_NO, USER_NO, RECEIVER_NO) VALUES (SEQ_ORDER.NEXTVAL,5,2);

INSERT INTO TB_ORDER (ORDER_NO, USER_NO, RECEIVER_NO) VALUES (SEQ_ORDER.NEXTVAL,5,1);

INSERT INTO TB_ORDER (ORDER_NO, USER_NO, RECEIVER_NO) VALUES (SEQ_ORDER.NEXTVAL,5,2);

INSERT INTO TB_ORDER (ORDER_NO, USER_NO, RECEIVER_NO) VALUES (SEQ_ORDER.NEXTVAL,5,3);

INSERT INTO TB_ORDER (ORDER_NO, USER_NO, RECEIVER_NO) VALUES (SEQ_ORDER.NEXTVAL,5,4);
COMMIT;

-- TB_ORDER2
INSERT INTO TB_ORDER (ORDER_NO, USER_NO, RECEIVER_NO) VALUES (SEQ_ORDER.NEXTVAL,1,1);

INSERT INTO TB_ORDER (ORDER_NO, USER_NO, RECEIVER_NO) VALUES (SEQ_ORDER.NEXTVAL,1,2);

INSERT INTO TB_ORDER (ORDER_NO, USER_NO, RECEIVER_NO) VALUES (SEQ_ORDER.NEXTVAL,1,3);

INSERT INTO TB_ORDER (ORDER_NO, USER_NO, RECEIVER_NO) VALUES (SEQ_ORDER.NEXTVAL,1,4);

INSERT INTO TB_ORDER (ORDER_NO, USER_NO, RECEIVER_NO) VALUES (SEQ_ORDER.NEXTVAL,1,5);

INSERT INTO TB_ORDER (ORDER_NO, USER_NO, RECEIVER_NO) VALUES (SEQ_ORDER.NEXTVAL,1,3);

INSERT INTO TB_ORDER (ORDER_NO, USER_NO, RECEIVER_NO) VALUES (SEQ_ORDER.NEXTVAL,2,3);

INSERT INTO TB_ORDER (ORDER_NO, USER_NO, RECEIVER_NO) VALUES (SEQ_ORDER.NEXTVAL,2,3);

INSERT INTO TB_ORDER (ORDER_NO, USER_NO, RECEIVER_NO) VALUES (SEQ_ORDER.NEXTVAL,2,4);

INSERT INTO TB_ORDER (ORDER_NO, USER_NO, RECEIVER_NO) VALUES (SEQ_ORDER.NEXTVAL,2,5);

INSERT INTO TB_ORDER (ORDER_NO, USER_NO, RECEIVER_NO) VALUES (SEQ_ORDER.NEXTVAL,2,1);

INSERT INTO TB_ORDER (ORDER_NO, USER_NO, RECEIVER_NO) VALUES (SEQ_ORDER.NEXTVAL,2,4);

INSERT INTO TB_ORDER (ORDER_NO, USER_NO, RECEIVER_NO) VALUES (SEQ_ORDER.NEXTVAL,2,3);

INSERT INTO TB_ORDER (ORDER_NO, USER_NO, RECEIVER_NO) VALUES (SEQ_ORDER.NEXTVAL,2,4);

INSERT INTO TB_ORDER (ORDER_NO, USER_NO, RECEIVER_NO) VALUES (SEQ_ORDER.NEXTVAL,2,5);

INSERT INTO TB_ORDER (ORDER_NO, USER_NO, RECEIVER_NO) VALUES (SEQ_ORDER.NEXTVAL,3,2);

INSERT INTO TB_ORDER (ORDER_NO, USER_NO, RECEIVER_NO) VALUES (SEQ_ORDER.NEXTVAL,3,1);

INSERT INTO TB_ORDER (ORDER_NO, USER_NO, RECEIVER_NO) VALUES (SEQ_ORDER.NEXTVAL,3,4);

INSERT INTO TB_ORDER (ORDER_NO, USER_NO, RECEIVER_NO) VALUES (SEQ_ORDER.NEXTVAL,3,5);

INSERT INTO TB_ORDER (ORDER_NO, USER_NO, RECEIVER_NO) VALUES (SEQ_ORDER.NEXTVAL,3,1);

INSERT INTO TB_ORDER (ORDER_NO, USER_NO, RECEIVER_NO) VALUES (SEQ_ORDER.NEXTVAL,3,2);

INSERT INTO TB_ORDER (ORDER_NO, USER_NO, RECEIVER_NO) VALUES (SEQ_ORDER.NEXTVAL,4,1);

INSERT INTO TB_ORDER (ORDER_NO, USER_NO, RECEIVER_NO) VALUES (SEQ_ORDER.NEXTVAL,4,2);

INSERT INTO TB_ORDER (ORDER_NO, USER_NO, RECEIVER_NO) VALUES (SEQ_ORDER.NEXTVAL,4,3);

INSERT INTO TB_ORDER (ORDER_NO, USER_NO, RECEIVER_NO) VALUES (SEQ_ORDER.NEXTVAL,5,4);
COMMIT;

-- TB_PAY
INSERT INTO TB_PAY (PAY_NO, PAY_METHOD, PAY_TOTAL, PAY_BANK, PAY_NAME) VALUES (SEQ_PAY.NEXTVAL,'B',100000,'KH은행','관리자');

INSERT INTO TB_PAY (PAY_NO, PAY_METHOD, PAY_TOTAL, PAY_BANK, PAY_NAME) VALUES (SEQ_PAY.NEXTVAL,'B',200000,'KH은행','판매자');

INSERT INTO TB_PAY (PAY_NO, PAY_METHOD, PAY_TOTAL, PAY_BANK, PAY_NAME) VALUES (SEQ_PAY.NEXTVAL,'B',100000,'KH은행','김유저');

INSERT INTO TB_PAY (PAY_NO, PAY_METHOD, PAY_TOTAL, PAY_BANK, PAY_NAME) VALUES (SEQ_PAY.NEXTVAL,'B',10000,'KH은행','이유저');

INSERT INTO TB_PAY (PAY_NO, PAY_METHOD, PAY_TOTAL, PAY_BANK, PAY_NAME) VALUES (SEQ_PAY.NEXTVAL,'B',20000,'KH은행','최유저');

INSERT INTO TB_PAY (PAY_NO, PAY_METHOD, PAY_TOTAL, PAY_BANK, PAY_NAME) VALUES (SEQ_PAY.NEXTVAL,'B',100000,'KH은행','관리자');

INSERT INTO TB_PAY (PAY_NO, PAY_METHOD, PAY_TOTAL, PAY_BANK, PAY_NAME) VALUES (SEQ_PAY.NEXTVAL,'B',50000,'KH은행','판매자');

INSERT INTO TB_PAY (PAY_NO, PAY_METHOD, PAY_TOTAL, PAY_BANK, PAY_NAME) VALUES (SEQ_PAY.NEXTVAL,'B',50001,'KH은행','김유저');

INSERT INTO TB_PAY (PAY_NO, PAY_METHOD, PAY_TOTAL, PAY_BANK, PAY_NAME) VALUES (SEQ_PAY.NEXTVAL,'B',50002,'KH은행','이유저');

INSERT INTO TB_PAY (PAY_NO, PAY_METHOD, PAY_TOTAL, PAY_BANK, PAY_NAME) VALUES (SEQ_PAY.NEXTVAL,'B',50003,'KH은행','최유저');

INSERT INTO TB_PAY (PAY_NO, PAY_METHOD, PAY_TOTAL, PAY_BANK, PAY_NAME) VALUES (SEQ_PAY.NEXTVAL,'B',50004,'KH은행','관리자');

INSERT INTO TB_PAY (PAY_NO, PAY_METHOD, PAY_TOTAL, PAY_BANK, PAY_NAME) VALUES (SEQ_PAY.NEXTVAL,'C',50005,'KH은행','판매자');

INSERT INTO TB_PAY (PAY_NO, PAY_METHOD, PAY_TOTAL, PAY_BANK, PAY_NAME) VALUES (SEQ_PAY.NEXTVAL,'C',50006,'KH은행','김유저');

INSERT INTO TB_PAY (PAY_NO, PAY_METHOD, PAY_TOTAL, PAY_BANK, PAY_NAME) VALUES (SEQ_PAY.NEXTVAL,'C',50007,'KH은행','이유저');

INSERT INTO TB_PAY (PAY_NO, PAY_METHOD, PAY_TOTAL, PAY_BANK, PAY_NAME) VALUES (SEQ_PAY.NEXTVAL,'C',50008,'KH은행','최유저');

INSERT INTO TB_PAY (PAY_NO, PAY_METHOD, PAY_TOTAL, PAY_BANK, PAY_NAME) VALUES (SEQ_PAY.NEXTVAL,'C',100000,'KH은행','관리자');

INSERT INTO TB_PAY (PAY_NO, PAY_METHOD, PAY_TOTAL, PAY_BANK, PAY_NAME) VALUES (SEQ_PAY.NEXTVAL,'C',100001,'KH은행','판매자');

INSERT INTO TB_PAY (PAY_NO, PAY_METHOD, PAY_TOTAL, PAY_BANK, PAY_NAME) VALUES (SEQ_PAY.NEXTVAL,'C',100002,'KH은행','김유저');

INSERT INTO TB_PAY (PAY_NO, PAY_METHOD, PAY_TOTAL, PAY_BANK, PAY_NAME) VALUES (SEQ_PAY.NEXTVAL,'C',100003,'KH은행','이유저');

INSERT INTO TB_PAY (PAY_NO, PAY_METHOD, PAY_TOTAL, PAY_BANK, PAY_NAME) VALUES (SEQ_PAY.NEXTVAL,'C',100000,'KH은행','최유저');

INSERT INTO TB_PAY (PAY_NO, PAY_METHOD, PAY_TOTAL, PAY_BANK, PAY_NAME) VALUES (SEQ_PAY.NEXTVAL,'C',100001,'KH은행','관리자');

INSERT INTO TB_PAY (PAY_NO, PAY_METHOD, PAY_TOTAL, PAY_BANK, PAY_NAME) VALUES (SEQ_PAY.NEXTVAL,'C',100002,'KH은행','판매자');

INSERT INTO TB_PAY (PAY_NO, PAY_METHOD, PAY_TOTAL, PAY_BANK, PAY_NAME) VALUES (SEQ_PAY.NEXTVAL,'C',100003,'KH은행','김유저');

INSERT INTO TB_PAY (PAY_NO, PAY_METHOD, PAY_TOTAL, PAY_BANK, PAY_NAME) VALUES (SEQ_PAY.NEXTVAL,'D',100004,'KH은행','이유저');

INSERT INTO TB_PAY (PAY_NO, PAY_METHOD, PAY_TOTAL, PAY_BANK, PAY_NAME) VALUES (SEQ_PAY.NEXTVAL,'D',100005,'KH은행','최유저');

INSERT INTO TB_PAY (PAY_NO, PAY_METHOD, PAY_TOTAL, PAY_BANK, PAY_NAME) VALUES (SEQ_PAY.NEXTVAL,'D',10000,'KH은행','관리자');

INSERT INTO TB_PAY (PAY_NO, PAY_METHOD, PAY_TOTAL, PAY_BANK, PAY_NAME) VALUES (SEQ_PAY.NEXTVAL,'D',30000,'KH은행','판매자');

INSERT INTO TB_PAY (PAY_NO, PAY_METHOD, PAY_TOTAL, PAY_BANK, PAY_NAME) VALUES (SEQ_PAY.NEXTVAL,'D',30001,'KH은행','김유저');

INSERT INTO TB_PAY (PAY_NO, PAY_METHOD, PAY_TOTAL, PAY_BANK, PAY_NAME) VALUES (SEQ_PAY.NEXTVAL,'D',30002,'KH은행','이유저');

INSERT INTO TB_PAY (PAY_NO, PAY_METHOD, PAY_TOTAL, PAY_BANK, PAY_NAME) VALUES (SEQ_PAY.NEXTVAL,'D',30003,'KH은행','최유저');
COMMIT;

-- TB_PAY2
INSERT INTO TB_PAY (PAY_NO, PAY_METHOD, PAY_TOTAL, PAY_BANK, PAY_NAME) VALUES (SEQ_PAY.NEXTVAL,'B',100000,'KH은행','관리자');

INSERT INTO TB_PAY (PAY_NO, PAY_METHOD, PAY_TOTAL, PAY_BANK, PAY_NAME) VALUES (SEQ_PAY.NEXTVAL,'B',200000,'KH은행','판매자');

INSERT INTO TB_PAY (PAY_NO, PAY_METHOD, PAY_TOTAL, PAY_BANK, PAY_NAME) VALUES (SEQ_PAY.NEXTVAL,'B',100000,'KH은행','김유저');

INSERT INTO TB_PAY (PAY_NO, PAY_METHOD, PAY_TOTAL, PAY_BANK, PAY_NAME) VALUES (SEQ_PAY.NEXTVAL,'B',10000,'KH은행','이유저');

INSERT INTO TB_PAY (PAY_NO, PAY_METHOD, PAY_TOTAL, PAY_BANK, PAY_NAME) VALUES (SEQ_PAY.NEXTVAL,'B',20000,'KH은행','최유저');

INSERT INTO TB_PAY (PAY_NO, PAY_METHOD, PAY_TOTAL, PAY_BANK, PAY_NAME) VALUES (SEQ_PAY.NEXTVAL,'B',100000,'KH은행','관리자');

INSERT INTO TB_PAY (PAY_NO, PAY_METHOD, PAY_TOTAL, PAY_BANK, PAY_NAME) VALUES (SEQ_PAY.NEXTVAL,'B',50000,'KH은행','판매자');

INSERT INTO TB_PAY (PAY_NO, PAY_METHOD, PAY_TOTAL, PAY_BANK, PAY_NAME) VALUES (SEQ_PAY.NEXTVAL,'B',50001,'KH은행','김유저');

INSERT INTO TB_PAY (PAY_NO, PAY_METHOD, PAY_TOTAL, PAY_BANK, PAY_NAME) VALUES (SEQ_PAY.NEXTVAL,'B',50002,'KH은행','이유저');

INSERT INTO TB_PAY (PAY_NO, PAY_METHOD, PAY_TOTAL, PAY_BANK, PAY_NAME) VALUES (SEQ_PAY.NEXTVAL,'B',50003,'KH은행','최유저');

INSERT INTO TB_PAY (PAY_NO, PAY_METHOD, PAY_TOTAL, PAY_BANK, PAY_NAME) VALUES (SEQ_PAY.NEXTVAL,'B',50004,'KH은행','관리자');

INSERT INTO TB_PAY (PAY_NO, PAY_METHOD, PAY_TOTAL, PAY_BANK, PAY_NAME) VALUES (SEQ_PAY.NEXTVAL,'C',50005,'KH은행','판매자');

INSERT INTO TB_PAY (PAY_NO, PAY_METHOD, PAY_TOTAL, PAY_BANK, PAY_NAME) VALUES (SEQ_PAY.NEXTVAL,'C',50006,'KH은행','김유저');

INSERT INTO TB_PAY (PAY_NO, PAY_METHOD, PAY_TOTAL, PAY_BANK, PAY_NAME) VALUES (SEQ_PAY.NEXTVAL,'C',50007,'KH은행','이유저');

INSERT INTO TB_PAY (PAY_NO, PAY_METHOD, PAY_TOTAL, PAY_BANK, PAY_NAME) VALUES (SEQ_PAY.NEXTVAL,'C',50008,'KH은행','최유저');

INSERT INTO TB_PAY (PAY_NO, PAY_METHOD, PAY_TOTAL, PAY_BANK, PAY_NAME) VALUES (SEQ_PAY.NEXTVAL,'C',100000,'KH은행','관리자');

INSERT INTO TB_PAY (PAY_NO, PAY_METHOD, PAY_TOTAL, PAY_BANK, PAY_NAME) VALUES (SEQ_PAY.NEXTVAL,'C',100001,'KH은행','판매자');

INSERT INTO TB_PAY (PAY_NO, PAY_METHOD, PAY_TOTAL, PAY_BANK, PAY_NAME) VALUES (SEQ_PAY.NEXTVAL,'C',100002,'KH은행','김유저');

INSERT INTO TB_PAY (PAY_NO, PAY_METHOD, PAY_TOTAL, PAY_BANK, PAY_NAME) VALUES (SEQ_PAY.NEXTVAL,'C',100003,'KH은행','이유저');

INSERT INTO TB_PAY (PAY_NO, PAY_METHOD, PAY_TOTAL, PAY_BANK, PAY_NAME) VALUES (SEQ_PAY.NEXTVAL,'C',100000,'KH은행','최유저');

INSERT INTO TB_PAY (PAY_NO, PAY_METHOD, PAY_TOTAL, PAY_BANK, PAY_NAME) VALUES (SEQ_PAY.NEXTVAL,'C',100001,'KH은행','관리자');

INSERT INTO TB_PAY (PAY_NO, PAY_METHOD, PAY_TOTAL, PAY_BANK, PAY_NAME) VALUES (SEQ_PAY.NEXTVAL,'C',100002,'KH은행','판매자');

INSERT INTO TB_PAY (PAY_NO, PAY_METHOD, PAY_TOTAL, PAY_BANK, PAY_NAME) VALUES (SEQ_PAY.NEXTVAL,'C',100003,'KH은행','김유저');

INSERT INTO TB_PAY (PAY_NO, PAY_METHOD, PAY_TOTAL, PAY_BANK, PAY_NAME) VALUES (SEQ_PAY.NEXTVAL,'D',100004,'KH은행','이유저');

INSERT INTO TB_PAY (PAY_NO, PAY_METHOD, PAY_TOTAL, PAY_BANK, PAY_NAME) VALUES (SEQ_PAY.NEXTVAL,'D',100005,'KH은행','최유저');

COMMIT;

-- TB_ORDER_DETAIL
INSERT INTO TB_ORDER_DETAIL (ORDER_DETAIL_NO, ORDER_NO, PAY_NO) VALUES (SEQ_ORDER_DETAIL.NEXTVAL,1,1);
INSERT INTO TB_ORDER_PRODUCT (ORDER_DETAIL_NO, PDT_NO, ORDER_QUANTITY) VALUES (SEQ_ORDER_DETAIL.CURRVAL, 21, 1);

INSERT INTO TB_ORDER_DETAIL (ORDER_DETAIL_NO, ORDER_NO, PAY_NO) VALUES (SEQ_ORDER_DETAIL.NEXTVAL,2,2);
INSERT INTO TB_ORDER_PRODUCT (ORDER_DETAIL_NO, PDT_NO, ORDER_QUANTITY) VALUES (SEQ_ORDER_DETAIL.CURRVAL, 22, 2);

INSERT INTO TB_ORDER_DETAIL (ORDER_DETAIL_NO, ORDER_NO, PAY_NO) VALUES (SEQ_ORDER_DETAIL.NEXTVAL,3,3);
INSERT INTO TB_ORDER_PRODUCT (ORDER_DETAIL_NO, PDT_NO, ORDER_QUANTITY) VALUES (SEQ_ORDER_DETAIL.CURRVAL, 23, 3);

INSERT INTO TB_ORDER_DETAIL (ORDER_DETAIL_NO, ORDER_NO, PAY_NO) VALUES (SEQ_ORDER_DETAIL.NEXTVAL,4,4);
INSERT INTO TB_ORDER_PRODUCT (ORDER_DETAIL_NO, PDT_NO, ORDER_QUANTITY) VALUES (SEQ_ORDER_DETAIL.CURRVAL, 24, 4);

INSERT INTO TB_ORDER_DETAIL (ORDER_DETAIL_NO, ORDER_NO, PAY_NO) VALUES (SEQ_ORDER_DETAIL.NEXTVAL,5,5);
INSERT INTO TB_ORDER_PRODUCT (ORDER_DETAIL_NO, PDT_NO, ORDER_QUANTITY) VALUES (SEQ_ORDER_DETAIL.CURRVAL, 25, 5);

INSERT INTO TB_ORDER_DETAIL (ORDER_DETAIL_NO, ORDER_NO, PAY_NO) VALUES (SEQ_ORDER_DETAIL.NEXTVAL,6,6);
INSERT INTO TB_ORDER_PRODUCT (ORDER_DETAIL_NO, PDT_NO, ORDER_QUANTITY) VALUES (SEQ_ORDER_DETAIL.CURRVAL, 26, 6);

INSERT INTO TB_ORDER_DETAIL (ORDER_DETAIL_NO, ORDER_NO, PAY_NO) VALUES (SEQ_ORDER_DETAIL.NEXTVAL,7,7);
INSERT INTO TB_ORDER_PRODUCT (ORDER_DETAIL_NO, PDT_NO, ORDER_QUANTITY) VALUES (SEQ_ORDER_DETAIL.CURRVAL, 31, 7);

INSERT INTO TB_ORDER_DETAIL (ORDER_DETAIL_NO, ORDER_NO, PAY_NO) VALUES (SEQ_ORDER_DETAIL.NEXTVAL,8,8);
INSERT INTO TB_ORDER_PRODUCT (ORDER_DETAIL_NO, PDT_NO, ORDER_QUANTITY) VALUES (SEQ_ORDER_DETAIL.CURRVAL, 32, 8);

INSERT INTO TB_ORDER_DETAIL (ORDER_DETAIL_NO, ORDER_NO, PAY_NO) VALUES (SEQ_ORDER_DETAIL.NEXTVAL,9,9);
INSERT INTO TB_ORDER_PRODUCT (ORDER_DETAIL_NO, PDT_NO, ORDER_QUANTITY) VALUES (SEQ_ORDER_DETAIL.CURRVAL, 33, 9);

INSERT INTO TB_ORDER_DETAIL (ORDER_DETAIL_NO, ORDER_NO, PAY_NO) VALUES (SEQ_ORDER_DETAIL.NEXTVAL,10,10);
INSERT INTO TB_ORDER_PRODUCT (ORDER_DETAIL_NO, PDT_NO, ORDER_QUANTITY) VALUES (SEQ_ORDER_DETAIL.CURRVAL, 34, 5);

INSERT INTO TB_ORDER_DETAIL (ORDER_DETAIL_NO, ORDER_NO, PAY_NO) VALUES (SEQ_ORDER_DETAIL.NEXTVAL,11,11);
INSERT INTO TB_ORDER_PRODUCT (ORDER_DETAIL_NO, PDT_NO, ORDER_QUANTITY) VALUES (SEQ_ORDER_DETAIL.CURRVAL, 21, 6);

INSERT INTO TB_ORDER_DETAIL (ORDER_DETAIL_NO, ORDER_NO, PAY_NO) VALUES (SEQ_ORDER_DETAIL.NEXTVAL,12,12);
INSERT INTO TB_ORDER_PRODUCT (ORDER_DETAIL_NO, PDT_NO, ORDER_QUANTITY) VALUES (SEQ_ORDER_DETAIL.CURRVAL, 22, 7);

INSERT INTO TB_ORDER_DETAIL (ORDER_DETAIL_NO, ORDER_NO, PAY_NO) VALUES (SEQ_ORDER_DETAIL.NEXTVAL,13,13);
INSERT INTO TB_ORDER_PRODUCT (ORDER_DETAIL_NO, PDT_NO, ORDER_QUANTITY) VALUES (SEQ_ORDER_DETAIL.CURRVAL, 23, 8);

INSERT INTO TB_ORDER_DETAIL (ORDER_DETAIL_NO, ORDER_NO, PAY_NO) VALUES (SEQ_ORDER_DETAIL.NEXTVAL,14,14);
INSERT INTO TB_ORDER_PRODUCT (ORDER_DETAIL_NO, PDT_NO, ORDER_QUANTITY) VALUES (SEQ_ORDER_DETAIL.CURRVAL, 24, 1);

INSERT INTO TB_ORDER_DETAIL (ORDER_DETAIL_NO, ORDER_NO, PAY_NO) VALUES (SEQ_ORDER_DETAIL.NEXTVAL,15,15);
INSERT INTO TB_ORDER_PRODUCT (ORDER_DETAIL_NO, PDT_NO, ORDER_QUANTITY) VALUES (SEQ_ORDER_DETAIL.CURRVAL, 25, 3);

INSERT INTO TB_ORDER_DETAIL (ORDER_DETAIL_NO, ORDER_NO, PAY_NO) VALUES (SEQ_ORDER_DETAIL.NEXTVAL,16,16);
INSERT INTO TB_ORDER_PRODUCT (ORDER_DETAIL_NO, PDT_NO, ORDER_QUANTITY) VALUES (SEQ_ORDER_DETAIL.CURRVAL, 26, 4);

INSERT INTO TB_ORDER_DETAIL (ORDER_DETAIL_NO, ORDER_NO, PAY_NO) VALUES (SEQ_ORDER_DETAIL.NEXTVAL,17,17);
INSERT INTO TB_ORDER_PRODUCT (ORDER_DETAIL_NO, PDT_NO, ORDER_QUANTITY) VALUES (SEQ_ORDER_DETAIL.CURRVAL, 27, 5);

INSERT INTO TB_ORDER_DETAIL (ORDER_DETAIL_NO, ORDER_NO, PAY_NO) VALUES (SEQ_ORDER_DETAIL.NEXTVAL,18,18);
INSERT INTO TB_ORDER_PRODUCT (ORDER_DETAIL_NO, PDT_NO, ORDER_QUANTITY) VALUES (SEQ_ORDER_DETAIL.CURRVAL, 28, 6);

INSERT INTO TB_ORDER_DETAIL (ORDER_DETAIL_NO, ORDER_NO, PAY_NO) VALUES (SEQ_ORDER_DETAIL.NEXTVAL,19,19);
INSERT INTO TB_ORDER_PRODUCT (ORDER_DETAIL_NO, PDT_NO, ORDER_QUANTITY) VALUES (SEQ_ORDER_DETAIL.CURRVAL, 29, 7);

INSERT INTO TB_ORDER_DETAIL (ORDER_DETAIL_NO, ORDER_NO, PAY_NO) VALUES (SEQ_ORDER_DETAIL.NEXTVAL,20,20);
INSERT INTO TB_ORDER_PRODUCT (ORDER_DETAIL_NO, PDT_NO, ORDER_QUANTITY) VALUES (SEQ_ORDER_DETAIL.CURRVAL, 30, 8);

INSERT INTO TB_ORDER_DETAIL (ORDER_DETAIL_NO, ORDER_NO, PAY_NO) VALUES (SEQ_ORDER_DETAIL.NEXTVAL,21,21);
INSERT INTO TB_ORDER_PRODUCT (ORDER_DETAIL_NO, PDT_NO, ORDER_QUANTITY) VALUES (SEQ_ORDER_DETAIL.CURRVAL, 31, 9);

INSERT INTO TB_ORDER_DETAIL (ORDER_DETAIL_NO, ORDER_NO, PAY_NO) VALUES (SEQ_ORDER_DETAIL.NEXTVAL,22,22);
INSERT INTO TB_ORDER_PRODUCT (ORDER_DETAIL_NO, PDT_NO, ORDER_QUANTITY) VALUES (SEQ_ORDER_DETAIL.CURRVAL, 32, 5);

INSERT INTO TB_ORDER_DETAIL (ORDER_DETAIL_NO, ORDER_NO, PAY_NO) VALUES (SEQ_ORDER_DETAIL.NEXTVAL,23,23);
INSERT INTO TB_ORDER_PRODUCT (ORDER_DETAIL_NO, PDT_NO, ORDER_QUANTITY) VALUES (SEQ_ORDER_DETAIL.CURRVAL, 31, 6);

INSERT INTO TB_ORDER_DETAIL (ORDER_DETAIL_NO, ORDER_NO, PAY_NO) VALUES (SEQ_ORDER_DETAIL.NEXTVAL,24,24);
INSERT INTO TB_ORDER_PRODUCT (ORDER_DETAIL_NO, PDT_NO, ORDER_QUANTITY) VALUES (SEQ_ORDER_DETAIL.CURRVAL, 34, 7);

INSERT INTO TB_ORDER_DETAIL (ORDER_DETAIL_NO, ORDER_NO, PAY_NO) VALUES (SEQ_ORDER_DETAIL.NEXTVAL,25,25);
INSERT INTO TB_ORDER_PRODUCT (ORDER_DETAIL_NO, PDT_NO, ORDER_QUANTITY) VALUES (SEQ_ORDER_DETAIL.CURRVAL, 35, 5);

INSERT INTO TB_ORDER_DETAIL (ORDER_DETAIL_NO, ORDER_NO, PAY_NO) VALUES (SEQ_ORDER_DETAIL.NEXTVAL,26,26);
INSERT INTO TB_ORDER_PRODUCT (ORDER_DETAIL_NO, PDT_NO, ORDER_QUANTITY) VALUES (SEQ_ORDER_DETAIL.CURRVAL, 36, 6);

INSERT INTO TB_ORDER_DETAIL (ORDER_DETAIL_NO, ORDER_NO, PAY_NO) VALUES (SEQ_ORDER_DETAIL.NEXTVAL,27,27);
INSERT INTO TB_ORDER_PRODUCT (ORDER_DETAIL_NO, PDT_NO, ORDER_QUANTITY) VALUES (SEQ_ORDER_DETAIL.CURRVAL, 37, 7);

INSERT INTO TB_ORDER_DETAIL (ORDER_DETAIL_NO, ORDER_NO, PAY_NO) VALUES (SEQ_ORDER_DETAIL.NEXTVAL,28,28);
INSERT INTO TB_ORDER_PRODUCT (ORDER_DETAIL_NO, PDT_NO, ORDER_QUANTITY) VALUES (SEQ_ORDER_DETAIL.CURRVAL, 38, 1);

INSERT INTO TB_ORDER_DETAIL (ORDER_DETAIL_NO, ORDER_NO, PAY_NO) VALUES (SEQ_ORDER_DETAIL.NEXTVAL,29,29);
INSERT INTO TB_ORDER_PRODUCT (ORDER_DETAIL_NO, PDT_NO, ORDER_QUANTITY) VALUES (SEQ_ORDER_DETAIL.CURRVAL, 39, 1);

INSERT INTO TB_ORDER_DETAIL (ORDER_DETAIL_NO, ORDER_NO, PAY_NO) VALUES (SEQ_ORDER_DETAIL.NEXTVAL,30,30);
INSERT INTO TB_ORDER_PRODUCT (ORDER_DETAIL_NO, PDT_NO, ORDER_QUANTITY) VALUES (SEQ_ORDER_DETAIL.CURRVAL, 30, 1);
COMMIT;

-- TB_ORDER_DETAIL2
INSERT INTO TB_ORDER_DETAIL (ORDER_DETAIL_NO, ORDER_NO, PAY_NO) VALUES (SEQ_ORDER_DETAIL.NEXTVAL,1,1);
INSERT INTO TB_ORDER_PRODUCT (ORDER_DETAIL_NO, PDT_NO, ORDER_QUANTITY) VALUES (SEQ_ORDER_DETAIL.CURRVAL, 1, 1);

INSERT INTO TB_ORDER_DETAIL (ORDER_DETAIL_NO, ORDER_NO, PAY_NO) VALUES (SEQ_ORDER_DETAIL.NEXTVAL,2,2);
INSERT INTO TB_ORDER_PRODUCT (ORDER_DETAIL_NO, PDT_NO, ORDER_QUANTITY) VALUES (SEQ_ORDER_DETAIL.CURRVAL, 2, 2);

INSERT INTO TB_ORDER_DETAIL (ORDER_DETAIL_NO, ORDER_NO, PAY_NO) VALUES (SEQ_ORDER_DETAIL.NEXTVAL,3,3);
INSERT INTO TB_ORDER_PRODUCT (ORDER_DETAIL_NO, PDT_NO, ORDER_QUANTITY) VALUES (SEQ_ORDER_DETAIL.CURRVAL, 3, 3);

INSERT INTO TB_ORDER_DETAIL (ORDER_DETAIL_NO, ORDER_NO, PAY_NO) VALUES (SEQ_ORDER_DETAIL.NEXTVAL,4,4);
INSERT INTO TB_ORDER_PRODUCT (ORDER_DETAIL_NO, PDT_NO, ORDER_QUANTITY) VALUES (SEQ_ORDER_DETAIL.CURRVAL, 4, 4);

INSERT INTO TB_ORDER_DETAIL (ORDER_DETAIL_NO, ORDER_NO, PAY_NO) VALUES (SEQ_ORDER_DETAIL.NEXTVAL,5,5);
INSERT INTO TB_ORDER_PRODUCT (ORDER_DETAIL_NO, PDT_NO, ORDER_QUANTITY) VALUES (SEQ_ORDER_DETAIL.CURRVAL, 5, 5);

INSERT INTO TB_ORDER_DETAIL (ORDER_DETAIL_NO, ORDER_NO, PAY_NO) VALUES (SEQ_ORDER_DETAIL.NEXTVAL,6,6);
INSERT INTO TB_ORDER_PRODUCT (ORDER_DETAIL_NO, PDT_NO, ORDER_QUANTITY) VALUES (SEQ_ORDER_DETAIL.CURRVAL, 6, 6);

INSERT INTO TB_ORDER_DETAIL (ORDER_DETAIL_NO, ORDER_NO, PAY_NO) VALUES (SEQ_ORDER_DETAIL.NEXTVAL,7,7);
INSERT INTO TB_ORDER_PRODUCT (ORDER_DETAIL_NO, PDT_NO, ORDER_QUANTITY) VALUES (SEQ_ORDER_DETAIL.CURRVAL, 7, 7);

INSERT INTO TB_ORDER_DETAIL (ORDER_DETAIL_NO, ORDER_NO, PAY_NO) VALUES (SEQ_ORDER_DETAIL.NEXTVAL,8,8);
INSERT INTO TB_ORDER_PRODUCT (ORDER_DETAIL_NO, PDT_NO, ORDER_QUANTITY) VALUES (SEQ_ORDER_DETAIL.CURRVAL, 8, 8);

INSERT INTO TB_ORDER_DETAIL (ORDER_DETAIL_NO, ORDER_NO, PAY_NO) VALUES (SEQ_ORDER_DETAIL.NEXTVAL,9,9);
INSERT INTO TB_ORDER_PRODUCT (ORDER_DETAIL_NO, PDT_NO, ORDER_QUANTITY) VALUES (SEQ_ORDER_DETAIL.CURRVAL, 9, 9);

INSERT INTO TB_ORDER_DETAIL (ORDER_DETAIL_NO, ORDER_NO, PAY_NO) VALUES (SEQ_ORDER_DETAIL.NEXTVAL,10,10);
INSERT INTO TB_ORDER_PRODUCT (ORDER_DETAIL_NO, PDT_NO, ORDER_QUANTITY) VALUES (SEQ_ORDER_DETAIL.CURRVAL, 10, 5);

INSERT INTO TB_ORDER_DETAIL (ORDER_DETAIL_NO, ORDER_NO, PAY_NO) VALUES (SEQ_ORDER_DETAIL.NEXTVAL,11,11);
INSERT INTO TB_ORDER_PRODUCT (ORDER_DETAIL_NO, PDT_NO, ORDER_QUANTITY) VALUES (SEQ_ORDER_DETAIL.CURRVAL, 11, 6);

INSERT INTO TB_ORDER_DETAIL (ORDER_DETAIL_NO, ORDER_NO, PAY_NO) VALUES (SEQ_ORDER_DETAIL.NEXTVAL,12,12);
INSERT INTO TB_ORDER_PRODUCT (ORDER_DETAIL_NO, PDT_NO, ORDER_QUANTITY) VALUES (SEQ_ORDER_DETAIL.CURRVAL, 12, 7);

INSERT INTO TB_ORDER_DETAIL (ORDER_DETAIL_NO, ORDER_NO, PAY_NO) VALUES (SEQ_ORDER_DETAIL.NEXTVAL,13,13);
INSERT INTO TB_ORDER_PRODUCT (ORDER_DETAIL_NO, PDT_NO, ORDER_QUANTITY) VALUES (SEQ_ORDER_DETAIL.CURRVAL, 13, 8);

INSERT INTO TB_ORDER_DETAIL (ORDER_DETAIL_NO, ORDER_NO, PAY_NO) VALUES (SEQ_ORDER_DETAIL.NEXTVAL,14,14);
INSERT INTO TB_ORDER_PRODUCT (ORDER_DETAIL_NO, PDT_NO, ORDER_QUANTITY) VALUES (SEQ_ORDER_DETAIL.CURRVAL, 14, 1);

INSERT INTO TB_ORDER_DETAIL (ORDER_DETAIL_NO, ORDER_NO, PAY_NO) VALUES (SEQ_ORDER_DETAIL.NEXTVAL,15,15);
INSERT INTO TB_ORDER_PRODUCT (ORDER_DETAIL_NO, PDT_NO, ORDER_QUANTITY) VALUES (SEQ_ORDER_DETAIL.CURRVAL, 15, 3);

INSERT INTO TB_ORDER_DETAIL (ORDER_DETAIL_NO, ORDER_NO, PAY_NO) VALUES (SEQ_ORDER_DETAIL.NEXTVAL,16,16);
INSERT INTO TB_ORDER_PRODUCT (ORDER_DETAIL_NO, PDT_NO, ORDER_QUANTITY) VALUES (SEQ_ORDER_DETAIL.CURRVAL, 16, 4);

INSERT INTO TB_ORDER_DETAIL (ORDER_DETAIL_NO, ORDER_NO, PAY_NO) VALUES (SEQ_ORDER_DETAIL.NEXTVAL,17,17);
INSERT INTO TB_ORDER_PRODUCT (ORDER_DETAIL_NO, PDT_NO, ORDER_QUANTITY) VALUES (SEQ_ORDER_DETAIL.CURRVAL, 17, 5);

INSERT INTO TB_ORDER_DETAIL (ORDER_DETAIL_NO, ORDER_NO, PAY_NO) VALUES (SEQ_ORDER_DETAIL.NEXTVAL,18,18);
INSERT INTO TB_ORDER_PRODUCT (ORDER_DETAIL_NO, PDT_NO, ORDER_QUANTITY) VALUES (SEQ_ORDER_DETAIL.CURRVAL, 18, 6);

INSERT INTO TB_ORDER_DETAIL (ORDER_DETAIL_NO, ORDER_NO, PAY_NO) VALUES (SEQ_ORDER_DETAIL.NEXTVAL,19,19);
INSERT INTO TB_ORDER_PRODUCT (ORDER_DETAIL_NO, PDT_NO, ORDER_QUANTITY) VALUES (SEQ_ORDER_DETAIL.CURRVAL, 19, 7);

INSERT INTO TB_ORDER_DETAIL (ORDER_DETAIL_NO, ORDER_NO, PAY_NO) VALUES (SEQ_ORDER_DETAIL.NEXTVAL,20,20);
INSERT INTO TB_ORDER_PRODUCT (ORDER_DETAIL_NO, PDT_NO, ORDER_QUANTITY) VALUES (SEQ_ORDER_DETAIL.CURRVAL, 20, 8);

INSERT INTO TB_ORDER_DETAIL (ORDER_DETAIL_NO, ORDER_NO, PAY_NO) VALUES (SEQ_ORDER_DETAIL.NEXTVAL,21,21);
INSERT INTO TB_ORDER_PRODUCT (ORDER_DETAIL_NO, PDT_NO, ORDER_QUANTITY) VALUES (SEQ_ORDER_DETAIL.CURRVAL, 21, 9);

INSERT INTO TB_ORDER_DETAIL (ORDER_DETAIL_NO, ORDER_NO, PAY_NO) VALUES (SEQ_ORDER_DETAIL.NEXTVAL,22,22);
INSERT INTO TB_ORDER_PRODUCT (ORDER_DETAIL_NO, PDT_NO, ORDER_QUANTITY) VALUES (SEQ_ORDER_DETAIL.CURRVAL, 22, 5);

INSERT INTO TB_ORDER_DETAIL (ORDER_DETAIL_NO, ORDER_NO, PAY_NO) VALUES (SEQ_ORDER_DETAIL.NEXTVAL,23,23);
INSERT INTO TB_ORDER_PRODUCT (ORDER_DETAIL_NO, PDT_NO, ORDER_QUANTITY) VALUES (SEQ_ORDER_DETAIL.CURRVAL, 1, 6);

INSERT INTO TB_ORDER_DETAIL (ORDER_DETAIL_NO, ORDER_NO, PAY_NO) VALUES (SEQ_ORDER_DETAIL.NEXTVAL,24,24);
INSERT INTO TB_ORDER_PRODUCT (ORDER_DETAIL_NO, PDT_NO, ORDER_QUANTITY) VALUES (SEQ_ORDER_DETAIL.CURRVAL, 2, 7);

INSERT INTO TB_ORDER_DETAIL (ORDER_DETAIL_NO, ORDER_NO, PAY_NO) VALUES (SEQ_ORDER_DETAIL.NEXTVAL,25,25);
INSERT INTO TB_ORDER_PRODUCT (ORDER_DETAIL_NO, PDT_NO, ORDER_QUANTITY) VALUES (SEQ_ORDER_DETAIL.CURRVAL, 3, 5);

COMMIT;

-- TB_WISHLIST

INSERT INTO TB_WISHLIST (PDT_NO, USER_NO) VALUES (1,3);

INSERT INTO TB_WISHLIST (PDT_NO, USER_NO) VALUES (2,3);

INSERT INTO TB_WISHLIST (PDT_NO, USER_NO) VALUES (3,3);

INSERT INTO TB_WISHLIST (PDT_NO, USER_NO) VALUES (4,3);

INSERT INTO TB_WISHLIST (PDT_NO, USER_NO) VALUES (5,3);

INSERT INTO TB_WISHLIST (PDT_NO, USER_NO) VALUES (21,3);

INSERT INTO TB_WISHLIST (PDT_NO, USER_NO) VALUES (22,3);

INSERT INTO TB_WISHLIST (PDT_NO, USER_NO) VALUES (23,3);

INSERT INTO TB_WISHLIST (PDT_NO, USER_NO) VALUES (24,3);

INSERT INTO TB_WISHLIST (PDT_NO, USER_NO) VALUES (25,3);

INSERT INTO TB_WISHLIST (PDT_NO, USER_NO) VALUES (26,3);

INSERT INTO TB_WISHLIST (PDT_NO, USER_NO) VALUES (27,3);

INSERT INTO TB_WISHLIST (PDT_NO, USER_NO) VALUES (31,3);

INSERT INTO TB_WISHLIST (PDT_NO, USER_NO) VALUES (32,3);

INSERT INTO TB_WISHLIST (PDT_NO, USER_NO) VALUES (33,3);

INSERT INTO TB_WISHLIST (PDT_NO, USER_NO) VALUES (34,3);

INSERT INTO TB_WISHLIST (PDT_NO, USER_NO) VALUES (35,3);

INSERT INTO TB_WISHLIST (PDT_NO, USER_NO) VALUES (36,3);

INSERT INTO TB_WISHLIST (PDT_NO, USER_NO) VALUES (37,3);

INSERT INTO TB_WISHLIST (PDT_NO, USER_NO) VALUES (38,3);

INSERT INTO TB_WISHLIST (PDT_NO, USER_NO) VALUES (39,3);

INSERT INTO TB_WISHLIST (PDT_NO, USER_NO) VALUES (40,3);

INSERT INTO TB_WISHLIST (PDT_NO, USER_NO) VALUES (1,4);

INSERT INTO TB_WISHLIST (PDT_NO, USER_NO) VALUES (2,4);

INSERT INTO TB_WISHLIST (PDT_NO, USER_NO) VALUES (3,4);

INSERT INTO TB_WISHLIST (PDT_NO, USER_NO) VALUES (4,4);

INSERT INTO TB_WISHLIST (PDT_NO, USER_NO) VALUES (11,4);

INSERT INTO TB_WISHLIST (PDT_NO, USER_NO) VALUES (12,4);

INSERT INTO TB_WISHLIST (PDT_NO, USER_NO) VALUES (13,4);

INSERT INTO TB_WISHLIST (PDT_NO, USER_NO) VALUES (14,4);

INSERT INTO TB_WISHLIST (PDT_NO, USER_NO) VALUES (15,4);

INSERT INTO TB_WISHLIST (PDT_NO, USER_NO) VALUES (16,4);

INSERT INTO TB_WISHLIST (PDT_NO, USER_NO) VALUES (21,4);

INSERT INTO TB_WISHLIST (PDT_NO, USER_NO) VALUES (22,4);

INSERT INTO TB_WISHLIST (PDT_NO, USER_NO) VALUES (23,4);

INSERT INTO TB_WISHLIST (PDT_NO, USER_NO) VALUES (24,4);

INSERT INTO TB_WISHLIST (PDT_NO, USER_NO) VALUES (31,4);

INSERT INTO TB_WISHLIST (PDT_NO, USER_NO) VALUES (32,4);

INSERT INTO TB_WISHLIST (PDT_NO, USER_NO) VALUES (33,4);

INSERT INTO TB_WISHLIST (PDT_NO, USER_NO) VALUES (34,4);

INSERT INTO TB_WISHLIST (PDT_NO, USER_NO) VALUES (35,4);

INSERT INTO TB_WISHLIST (PDT_NO, USER_NO) VALUES (21,5);

INSERT INTO TB_WISHLIST (PDT_NO, USER_NO) VALUES (22,5);

INSERT INTO TB_WISHLIST (PDT_NO, USER_NO) VALUES (23,5);

INSERT INTO TB_WISHLIST (PDT_NO, USER_NO) VALUES (24,5);

INSERT INTO TB_WISHLIST (PDT_NO, USER_NO) VALUES (35,5);

INSERT INTO TB_WISHLIST (PDT_NO, USER_NO) VALUES (36,5);

INSERT INTO TB_WISHLIST (PDT_NO, USER_NO) VALUES (37,5);

INSERT INTO TB_WISHLIST (PDT_NO, USER_NO) VALUES (38,5);

INSERT INTO TB_WISHLIST (PDT_NO, USER_NO) VALUES (39,5);

INSERT INTO TB_WISHLIST (PDT_NO, USER_NO) VALUES (40,1);

COMMIT;

INSERT INTO TB_BOARD_CTGY(BOARD_CTGY_CODE,BOARD_CTGY_NAME
) VALUES ('RECIP','안주 추천');
INSERT INTO TB_BOARD_CTGY(BOARD_CTGY_CODE,BOARD_CTGY_NAME
) VALUES ('FASHI','패션 추천');

INSERT INTO TB_BOARD(BOARD_NO,USER_NO,BOARD_TITLE,BOARD_CONTENT,BOARD_CTGY_CODE
) VALUES (
    SEQ_BOARD.NEXTVAL,
    2,
    '맥주 안주로 뭐가 좋을까?',
    '맥주 안주로 좋은 것은 육포나 생선포, 비타민이 듬뿍 든 신선한 과일과 채소가 적당하다. 육포는 고단백이라 알코올 흡수를 지연시킨다. 오징어는 몸에 좋은 콜레스테롤이 많으며, 간 해독 성분인 타우린이 많아 맥주 안주로 적당하다. 양주의 가장 좋은 안주는 ''물''이다.',
    'RECIP'
);
INSERT INTO TB_BOARD(BOARD_NO,USER_NO,BOARD_TITLE,BOARD_CONTENT,BOARD_CTGY_CODE
) VALUES (
    SEQ_BOARD.NEXTVAL,
    2,
    '찰나를 담은 나만의 향…요즘 대세는 ''니치 향수''',
    '니치 향수란 전문 조향사가 소수의 취향을 만족시키기 위해 만든 프리미엄 향수를 뜻한다. ''틈새''를 뜻하는 이탈리아어 니치(niche)에서 파생됐으며 딥티크, 조말론, 바이레도, 크리드, 논픽션, 산타마리아노벨라, 트루동 등의 브랜드가 대표적이다.',
    'FASHI'
);
INSERT INTO TB_BOARD(BOARD_NO,USER_NO,BOARD_TITLE,BOARD_CONTENT,BOARD_CTGY_CODE)
VALUES (SEQ_BOARD.NEXTVAL,3,SEQ_BOARD.CURRVAL||'번 제목',SEQ_BOARD.CURRVAL||'번 게시글 내용','FASHI');
INSERT INTO TB_BOARD(BOARD_NO,USER_NO,BOARD_TITLE,BOARD_CONTENT,BOARD_CTGY_CODE)
VALUES (SEQ_BOARD.NEXTVAL,3,SEQ_BOARD.CURRVAL||'번 제목',SEQ_BOARD.CURRVAL||'번 게시글 내용','FASHI');
INSERT INTO TB_BOARD(BOARD_NO,USER_NO,BOARD_TITLE,BOARD_CONTENT,BOARD_CTGY_CODE)
VALUES (SEQ_BOARD.NEXTVAL,3,SEQ_BOARD.CURRVAL||'번 제목',SEQ_BOARD.CURRVAL||'번 게시글 내용','FASHI');
INSERT INTO TB_BOARD(BOARD_NO,USER_NO,BOARD_TITLE,BOARD_CONTENT,BOARD_CTGY_CODE)
VALUES (SEQ_BOARD.NEXTVAL,3,SEQ_BOARD.CURRVAL||'번 제목',SEQ_BOARD.CURRVAL||'번 게시글 내용','FASHI');
INSERT INTO TB_BOARD(BOARD_NO,USER_NO,BOARD_TITLE,BOARD_CONTENT,BOARD_CTGY_CODE)
VALUES (SEQ_BOARD.NEXTVAL,3,SEQ_BOARD.CURRVAL||'번 제목',SEQ_BOARD.CURRVAL||'번 게시글 내용','FASHI');
INSERT INTO TB_BOARD(BOARD_NO,USER_NO,BOARD_TITLE,BOARD_CONTENT,BOARD_CTGY_CODE)
VALUES (SEQ_BOARD.NEXTVAL,3,SEQ_BOARD.CURRVAL||'번 제목',SEQ_BOARD.CURRVAL||'번 게시글 내용','FASHI');
INSERT INTO TB_BOARD(BOARD_NO,USER_NO,BOARD_TITLE,BOARD_CONTENT,BOARD_CTGY_CODE)
VALUES (SEQ_BOARD.NEXTVAL,3,SEQ_BOARD.CURRVAL||'번 제목',SEQ_BOARD.CURRVAL||'번 게시글 내용','FASHI');
INSERT INTO TB_BOARD(BOARD_NO,USER_NO,BOARD_TITLE,BOARD_CONTENT,BOARD_CTGY_CODE)
VALUES (SEQ_BOARD.NEXTVAL,3,SEQ_BOARD.CURRVAL||'번 제목',SEQ_BOARD.CURRVAL||'번 게시글 내용','FASHI');
INSERT INTO TB_BOARD(BOARD_NO,USER_NO,BOARD_TITLE,BOARD_CONTENT,BOARD_CTGY_CODE)
VALUES (SEQ_BOARD.NEXTVAL,3,SEQ_BOARD.CURRVAL||'번 제목',SEQ_BOARD.CURRVAL||'번 게시글 내용','FASHI');
INSERT INTO TB_BOARD(BOARD_NO,USER_NO,BOARD_TITLE,BOARD_CONTENT,BOARD_CTGY_CODE)
VALUES (SEQ_BOARD.NEXTVAL,3,SEQ_BOARD.CURRVAL||'번 제목',SEQ_BOARD.CURRVAL||'번 게시글 내용','FASHI');
INSERT INTO TB_BOARD(BOARD_NO,USER_NO,BOARD_TITLE,BOARD_CONTENT,BOARD_CTGY_CODE)
VALUES (SEQ_BOARD.NEXTVAL,3,SEQ_BOARD.CURRVAL||'번 제목',SEQ_BOARD.CURRVAL||'번 게시글 내용','FASHI');
INSERT INTO TB_BOARD(BOARD_NO,USER_NO,BOARD_TITLE,BOARD_CONTENT,BOARD_CTGY_CODE)
VALUES (SEQ_BOARD.NEXTVAL,3,SEQ_BOARD.CURRVAL||'번 제목',SEQ_BOARD.CURRVAL||'번 게시글 내용','FASHI');
INSERT INTO TB_BOARD(BOARD_NO,USER_NO,BOARD_TITLE,BOARD_CONTENT,BOARD_CTGY_CODE)
VALUES (SEQ_BOARD.NEXTVAL,3,SEQ_BOARD.CURRVAL||'번 제목',SEQ_BOARD.CURRVAL||'번 게시글 내용','FASHI');
INSERT INTO TB_BOARD(BOARD_NO,USER_NO,BOARD_TITLE,BOARD_CONTENT,BOARD_CTGY_CODE)
VALUES (SEQ_BOARD.NEXTVAL,3,SEQ_BOARD.CURRVAL||'번 제목',SEQ_BOARD.CURRVAL||'번 게시글 내용','FASHI');
INSERT INTO TB_BOARD(BOARD_NO,USER_NO,BOARD_TITLE,BOARD_CONTENT,BOARD_CTGY_CODE)
VALUES (SEQ_BOARD.NEXTVAL,3,SEQ_BOARD.CURRVAL||'번 제목',SEQ_BOARD.CURRVAL||'번 게시글 내용','FASHI');
INSERT INTO TB_BOARD(BOARD_NO,USER_NO,BOARD_TITLE,BOARD_CONTENT,BOARD_CTGY_CODE)
VALUES (SEQ_BOARD.NEXTVAL,3,SEQ_BOARD.CURRVAL||'번 제목',SEQ_BOARD.CURRVAL||'번 게시글 내용','FASHI');
INSERT INTO TB_BOARD(BOARD_NO,USER_NO,BOARD_TITLE,BOARD_CONTENT,BOARD_CTGY_CODE)
VALUES (SEQ_BOARD.NEXTVAL,3,SEQ_BOARD.CURRVAL||'번 제목',SEQ_BOARD.CURRVAL||'번 게시글 내용','FASHI');
INSERT INTO TB_BOARD(BOARD_NO,USER_NO,BOARD_TITLE,BOARD_CONTENT,BOARD_CTGY_CODE)
VALUES (SEQ_BOARD.NEXTVAL,3,SEQ_BOARD.CURRVAL||'번 제목',SEQ_BOARD.CURRVAL||'번 게시글 내용','FASHI');
INSERT INTO TB_BOARD(BOARD_NO,USER_NO,BOARD_TITLE,BOARD_CONTENT,BOARD_CTGY_CODE)
VALUES (SEQ_BOARD.NEXTVAL,3,SEQ_BOARD.CURRVAL||'번 제목',SEQ_BOARD.CURRVAL||'번 게시글 내용','FASHI');
INSERT INTO TB_BOARD(BOARD_NO,USER_NO,BOARD_TITLE,BOARD_CONTENT,BOARD_CTGY_CODE)
VALUES (SEQ_BOARD.NEXTVAL,3,SEQ_BOARD.CURRVAL||'번 제목',SEQ_BOARD.CURRVAL||'번 게시글 내용','FASHI');
INSERT INTO TB_BOARD(BOARD_NO,USER_NO,BOARD_TITLE,BOARD_CONTENT,BOARD_CTGY_CODE)
VALUES (SEQ_BOARD.NEXTVAL,3,SEQ_BOARD.CURRVAL||'번 제목',SEQ_BOARD.CURRVAL||'번 게시글 내용','FASHI');
INSERT INTO TB_BOARD(BOARD_NO,USER_NO,BOARD_TITLE,BOARD_CONTENT,BOARD_CTGY_CODE)
VALUES (SEQ_BOARD.NEXTVAL,3,SEQ_BOARD.CURRVAL||'번 제목',SEQ_BOARD.CURRVAL||'번 게시글 내용','FASHI');
INSERT INTO TB_BOARD(BOARD_NO,USER_NO,BOARD_TITLE,BOARD_CONTENT,BOARD_CTGY_CODE)
VALUES (SEQ_BOARD.NEXTVAL,3,SEQ_BOARD.CURRVAL||'번 제목',SEQ_BOARD.CURRVAL||'번 게시글 내용','FASHI');
INSERT INTO TB_BOARD(BOARD_NO,USER_NO,BOARD_TITLE,BOARD_CONTENT,BOARD_CTGY_CODE)
VALUES (SEQ_BOARD.NEXTVAL,3,SEQ_BOARD.CURRVAL||'번 제목',SEQ_BOARD.CURRVAL||'번 게시글 내용','FASHI');
INSERT INTO TB_BOARD(BOARD_NO,USER_NO,BOARD_TITLE,BOARD_CONTENT,BOARD_CTGY_CODE)
VALUES (SEQ_BOARD.NEXTVAL,3,SEQ_BOARD.CURRVAL||'번 제목',SEQ_BOARD.CURRVAL||'번 게시글 내용','FASHI');
INSERT INTO TB_BOARD(BOARD_NO,USER_NO,BOARD_TITLE,BOARD_CONTENT,BOARD_CTGY_CODE)
VALUES (SEQ_BOARD.NEXTVAL,3,SEQ_BOARD.CURRVAL||'번 제목',SEQ_BOARD.CURRVAL||'번 게시글 내용','FASHI');
INSERT INTO TB_BOARD(BOARD_NO,USER_NO,BOARD_TITLE,BOARD_CONTENT,BOARD_CTGY_CODE)
VALUES (SEQ_BOARD.NEXTVAL,3,SEQ_BOARD.CURRVAL||'번 제목',SEQ_BOARD.CURRVAL||'번 게시글 내용','FASHI');
INSERT INTO TB_BOARD(BOARD_NO,USER_NO,BOARD_TITLE,BOARD_CONTENT,BOARD_CTGY_CODE)
VALUES (SEQ_BOARD.NEXTVAL,3,SEQ_BOARD.CURRVAL||'번 제목',SEQ_BOARD.CURRVAL||'번 게시글 내용','FASHI');
INSERT INTO TB_BOARD(BOARD_NO,USER_NO,BOARD_TITLE,BOARD_CONTENT,BOARD_CTGY_CODE)
VALUES (SEQ_BOARD.NEXTVAL,3,SEQ_BOARD.CURRVAL||'번 제목',SEQ_BOARD.CURRVAL||'번 게시글 내용','FASHI');
INSERT INTO TB_BOARD(BOARD_NO,USER_NO,BOARD_TITLE,BOARD_CONTENT,BOARD_CTGY_CODE)
VALUES (SEQ_BOARD.NEXTVAL,3,SEQ_BOARD.CURRVAL||'번 제목',SEQ_BOARD.CURRVAL||'번 게시글 내용','FASHI');
INSERT INTO TB_BOARD(BOARD_NO,USER_NO,BOARD_TITLE,BOARD_CONTENT,BOARD_CTGY_CODE)
VALUES (SEQ_BOARD.NEXTVAL,3,SEQ_BOARD.CURRVAL||'번 제목',SEQ_BOARD.CURRVAL||'번 게시글 내용','FASHI');
INSERT INTO TB_BOARD(BOARD_NO,USER_NO,BOARD_TITLE,BOARD_CONTENT,BOARD_CTGY_CODE)
VALUES (SEQ_BOARD.NEXTVAL,3,SEQ_BOARD.CURRVAL||'번 제목',SEQ_BOARD.CURRVAL||'번 게시글 내용','FASHI');
INSERT INTO TB_BOARD(BOARD_NO,USER_NO,BOARD_TITLE,BOARD_CONTENT,BOARD_CTGY_CODE)
VALUES (SEQ_BOARD.NEXTVAL,3,SEQ_BOARD.CURRVAL||'번 제목',SEQ_BOARD.CURRVAL||'번 게시글 내용','FASHI');
INSERT INTO TB_BOARD(BOARD_NO,USER_NO,BOARD_TITLE,BOARD_CONTENT,BOARD_CTGY_CODE)
VALUES (SEQ_BOARD.NEXTVAL,3,SEQ_BOARD.CURRVAL||'번 제목',SEQ_BOARD.CURRVAL||'번 게시글 내용','FASHI');


INSERT INTO
        TB_PRODUCT_CATEGORY
    VALUES(
        SEQ_PRODUCT_CATEGORY.nextval,
        'A',
        'C',
        '최동준',
        '맥주',
        NULL
    );
INSERT 
    INTO
        TB_PRODUCT_CATEGORY
    VALUES(
        SEQ_PRODUCT_CATEGORY.nextval,
        'A',
        'C',
        '최동준',
        '사케',
        NULL
    );
INSERT 
    INTO
        TB_PRODUCT_CATEGORY
    VALUES(
        SEQ_PRODUCT_CATEGORY.nextval,
        'A',
        'C',
        '최동준',
        '막걸리',
        NULL
    );
INSERT 
    INTO
        TB_PRODUCT_CATEGORY
    VALUES(
        SEQ_PRODUCT_CATEGORY.nextval,
        'A',
        'C',
        '최동준',
        '와인',
        NULL
    );
INSERT 
    INTO
        TB_PRODUCT_CATEGORY
    VALUES(
        SEQ_PRODUCT_CATEGORY.nextval,
        'A',
        'C',
        '최동준',
        '소주',
        NULL
    );
INSERT 
    INTO
        TB_PRODUCT_CATEGORY
    VALUES(
        SEQ_PRODUCT_CATEGORY.nextval,
        'A',
        'C',
        '최동준',
        '맥주',
        NULL
    );
INSERT 
    INTO
        TB_PRODUCT_CATEGORY
    VALUES(
        SEQ_PRODUCT_CATEGORY.nextval,
        'A',
        'C',
        '최동준',
        '사케',
        NULL
    );
INSERT 
    INTO
        TB_PRODUCT_CATEGORY
    VALUES(
        SEQ_PRODUCT_CATEGORY.nextval,
        'A',
        'C',
        '최동준',
        '와인',
        NULL
    );
INSERT 
    INTO
        TB_PRODUCT_CATEGORY
    VALUES(
        SEQ_PRODUCT_CATEGORY.nextval,
        'A',
        'C',
        '최동준',
        '와인',
        NULL
    );
INSERT 
    INTO
        TB_PRODUCT_CATEGORY
    VALUES(
        SEQ_PRODUCT_CATEGORY.nextval,
        'A',
        'C',
        '최동준',
        '소주',
        NULL
    );
INSERT 
    INTO
        TB_PRODUCT_CATEGORY
    VALUES(
        SEQ_PRODUCT_CATEGORY.nextval,
        'A',
        'C',
        '최동준',
        '막걸리',
        NULL
    );
    INSERT 
    INTO
        TB_PRODUCT_CATEGORY
    VALUES(
        SEQ_PRODUCT_CATEGORY.nextval,
        'A',
        'C',
        '최동준',
        '사케',
        NULL
    );
INSERT 
    INTO
        TB_PRODUCT_CATEGORY
    VALUES(
       SEQ_PRODUCT_CATEGORY.nextval,
        'A',
        'C',
        '최동준',
        '와인',
        NULL
    );
INSERT
    INTO
        TB_PRODUCT
    VALUES(
        SEQ_PRODUCT.nextval,
        41,
        '시원한 맥주',
        4000,
        300,
        SYSDATE,
        '시원하고 깔끔한 치킨과 잘 어울리는 밀 맥주',
        '세상에서 제일 시원한 목넘김 부드럽가 깔끔합니당',
        '밀,알코올',
        '배송비 무료',
        0,
        0,
       'Y',
       'N'   
    );
INSERT
    INTO
        TB_PRODUCT
    VALUES(
        SEQ_PRODUCT.nextval,
        42,
        '사아케',
        90000,
        100,
        SYSDATE,
        '맛있는 사케',
        '일본식 전통 막걸리, 찐하고 맛있습니다.',
        '누룩,알코올',
        '배송비 무료',
        0,
        0,
       'Y',
       'N'
        
    );
INSERT
    INTO
        TB_PRODUCT
    VALUES(
        SEQ_PRODUCT.nextval,
        43,
        '마악걸리',
        5000,
        200,
        SYSDATE,
        '한국 전통 막걸리',
        '아는 맛이 가장 무섭다.전이랑 매우 잘떡궁합',
        '물,알코올,쌀',
        '배송비 무료',
        0,
        0,
       'Y',
       'N'
        
    );
INSERT
    INTO
        TB_PRODUCT
    VALUES(
        SEQ_PRODUCT.nextval,
        44,
        '와아인',
        80000,
        50,
        SYSDATE,
        '포도주',
        '무겁고 둔탁한 맛의 와인 맛있습니다.',
        '포도,알코올,물',
        '배송비 무료',
        0,
        0,
       'Y',
       'N'
        
    );
INSERT
    INTO
        TB_PRODUCT
    VALUES(
        SEQ_PRODUCT.nextval,
        45,
        '소오주',
        4000,
        300,
        SYSDATE,
        '세상에서 가장 시원하고 깔끔한 소주',
        '세상에서 제일 시원한 목넘김 부드럽가 깔끔합니당',
        '증류수,물',
        '배송비 무료',
        0,
        0,
       'Y',
       'N'
        
    );
INSERT
    INTO
        TB_PRODUCT
    VALUES(
        SEQ_PRODUCT.nextval,
        46,
        '매액주',
        5000,
        100,
        SYSDATE,
        '맥주의 정석',
        '부드럽고 깔끔한 맥주 .',
        '벼,알코올',
        '배송비 무료',
        0,
        0,
       'Y',
       'N'
        
    );
INSERT
    INTO
        TB_PRODUCT
    VALUES(
        SEQ_PRODUCT.nextval,
        47,
        '사케사케',
        50000,
        100,
        SYSDATE,
        '고급 술 , 좋은 사람 좋은 곳에서!',
        '고급진 사케.그 무엇과도 비교할수 없을만큼 맛있다!!',
        '쌀,알코올',
        '배송비 무료',
        0,
        0,
       'Y',
       'N'
        
    );
INSERT
    INTO
        TB_PRODUCT
    VALUES(
        SEQ_PRODUCT.nextval,
        48,
        '맛돌이 와인',
        100000,
        50,
        SYSDATE,
        '좋은 사람 좋은 곳에서 먹기 좋은 와인',
        '스파클링 화이트 와인 톡 쏘는맛이 맛있습니다.',
        '탄산,알코올',
        '배송비 무료',
        0,
        0,
       'Y',
       'N'
        
    );
INSERT
    INTO
        TB_PRODUCT
    VALUES(
        SEQ_PRODUCT.nextval,
        49,
        '와이와인',
        80000,
        100,
        SYSDATE,
        '정석적인 와인',
        '가볍고 간단하게 먹기 좋은 포도주',
        '포도,알코올',
        '배송비 무료',
        0,
        0,
       'Y',
       'N'
        
    );
INSERT
    INTO
        TB_PRODUCT
    VALUES(
        SEQ_PRODUCT.nextval,
        50,
        '미친 소주',
        4000,
        200,
        SYSDATE,
        '먹다보면 아침인 미친 소주',
        '이렇게 맛있는 소주는 본적이 없다. 둘이 먹다 다음날 아침이 되는 소주',
        '증류수,알코올',
        '배송비 무료',
        0,
        0,
       'Y',
       'N'
        
    );
INSERT
    INTO
        TB_PRODUCT
    VALUES(
        SEQ_PRODUCT.nextval,
        51,
        '마그걸리',
        10000,
        100,
        SYSDATE,
        '막걸리 치고 높은 도수',
        '목이 타는듯한 느낌을 받을 수 있는 고량 막걸리',
        '누룩,알코올',
        '배송비 무료',
        0,
        0,
       'Y',
       'N'
        
    );
INSERT
    INTO
        TB_PRODUCT
    VALUES(
        SEQ_PRODUCT.nextval,
        52,
        '맛있는 사케',
        150000,
        50,
        SYSDATE,
        '맛있는 사케',
        '맛있는 사케',
        '쌀,알코올',
        '배송비 무료',
        0,
        0,
       'Y',
       'N'
        
    );
INSERT
    INTO
        TB_PRODUCT
    VALUES(
       SEQ_PRODUCT.nextval,
        53,
        '화이트 와인',
        50000,
        100,
        SYSDATE,
        '연인과 먹기 좋은 화이트 와인',
        '부드럽고 깔끔한 와인',
        '밀,알코올',
        '배송비 무료',
        0,
        0,
       'Y',
       'N'
        
    );
INSERT
    INTO
        TB_PRODUCT_OPTION
    VALUES
        (
            SEQ_PRODUCT_OPTION.nextval,
            41,
            500,
            7
        
        );
INSERT
    INTO
        TB_PRODUCT_OPTION
    VALUES
        (
            SEQ_PRODUCT_OPTION.nextval,
            42,
            750,
            10
        
        );
INSERT
    INTO
        TB_PRODUCT_OPTION
    VALUES
        (
            SEQ_PRODUCT_OPTION.nextval,
            43,
            750,
            8
        
        );
INSERT
    INTO
        TB_PRODUCT_OPTION
    VALUES
        (
            SEQ_PRODUCT_OPTION.nextval,
            44,
            1000,
            8
        
        );
INSERT
    INTO
        TB_PRODUCT_OPTION
    VALUES
        (
            SEQ_PRODUCT_OPTION.nextval,
            45,
            500,
            17
        
        );
INSERT
    INTO
        TB_PRODUCT_OPTION
    VALUES
        (
            SEQ_PRODUCT_OPTION.nextval,
            46,
            500,
            4
        
        );
INSERT
    INTO
        TB_PRODUCT_OPTION
    VALUES
        (
            SEQ_PRODUCT_OPTION.nextval,
            47,
            750,
            10
        
        );
INSERT
    INTO
        TB_PRODUCT_OPTION
    VALUES
        (
            SEQ_PRODUCT_OPTION.nextval,
            48,
            750,
            7
        
        );
INSERT
    INTO
        TB_PRODUCT_OPTION
    VALUES
        (
            SEQ_PRODUCT_OPTION.nextval,
            49,
            750,
            8
        
        );
INSERT
    INTO
        TB_PRODUCT_OPTION
    VALUES
        (
            SEQ_PRODUCT_OPTION.nextval,
            50,
            500,
            18
        
        );
INSERT
    INTO
        TB_PRODUCT_OPTION
    VALUES
        (
            SEQ_PRODUCT_OPTION.nextval,
            51,
            500,
            30
        
        );
INSERT
    INTO
        TB_PRODUCT_OPTION
    VALUES
        (
            SEQ_PRODUCT_OPTION.nextval,
            52,
            800,
            7
        
        );
INSERT
    INTO
        TB_PRODUCT_OPTION
    VALUES
        (
            SEQ_PRODUCT_OPTION.nextval,
            53,
            750,
            11
        
        );
INSERT
    INTO
        TB_FUNDING
    VALUES(
        SEQ_FUNDING.nextval,
        41,
        0,
        '23/12/25',
        0,
        1000000
    );
INSERT
    INTO
        TB_FUNDING
    VALUES(
        SEQ_FUNDING.nextval,
        42,
        0,
        '23/12/12',
        0,
        3000000
    );
INSERT
    INTO
        TB_FUNDING
    VALUES(
        SEQ_FUNDING.nextval,
        43,
        0,
        '24/01/01',
        0,
        1500000
    );
INSERT
    INTO
        TB_FUNDING
    VALUES(
        SEQ_FUNDING.nextval,
        44,
        0,
        '23/12/01',
        0,
        4000000
    );
INSERT
    INTO
        TB_FUNDING
    VALUES(
        SEQ_FUNDING.nextval,
        45,
        0,
        '23/12/23',
        0,
        2000000
    );
INSERT
    INTO
        TB_FUNDING
    VALUES(
        SEQ_FUNDING.nextval,
        46,
        0,
        '23/12/25',
        0,
        1000000
    );
INSERT
    INTO
        TB_FUNDING
    VALUES(
        SEQ_FUNDING.nextval,
        47,
        0,
        '23/12/27',
        0,
        3000000
    );
INSERT
    INTO
        TB_FUNDING
    VALUES(
       SEQ_FUNDING.nextval,
        48,
        0,
        '23/12/02',
        0,
        5000000
    );
INSERT
    INTO
        TB_FUNDING
    VALUES(
        SEQ_FUNDING.nextval,
        49,
        0,
        '23/12/20',
        0,
        1000000
    );
INSERT
    INTO
        TB_FUNDING
    VALUES(
        SEQ_FUNDING.nextval,
        50,
        0,
        '23/12/03',
        0,
        2000000
    );
INSERT
    INTO
        TB_FUNDING
    VALUES(
        SEQ_FUNDING.nextval,
        51,
        0,
        '23/11/25',
        0,
        3000000
    );
INSERT
    INTO
        TB_FUNDING
    VALUES(
        SEQ_FUNDING.nextval,
        52,
        0,
        '23/12/25',
        0,
        2000000
    );
INSERT
    INTO
        TB_FUNDING
    VALUES(
        SEQ_FUNDING.nextval,
        53,
        0,
        '23/12/29',
        0,
        4000000
    );
INSERT
    INTO
        TB_PRODUCT_FILE
    VALUES(
        SEQ_PRODUCT_FILE.nextval,
        41,
        0,
        'resources/uploadFiles',
        '6.jpg',
        '6.jpg'
        
    );
INSERT
    INTO
        TB_PRODUCT_FILE
    VALUES(
        SEQ_PRODUCT_FILE.nextval,
        42,
        0,
        'resources/uploadFiles',
        '1.png',
        '1.png'
        
    );
INSERT
    INTO
        TB_PRODUCT_FILE
    VALUES(
        SEQ_PRODUCT_FILE.nextval,
        43,
        0,
        'resources/uploadFiles',
        '12.jpg',
        '12.jpg'
        
    );
INSERT
    INTO
        TB_PRODUCT_FILE
    VALUES(
        SEQ_PRODUCT_FILE.nextval,
        44,
        0,
        'resources/uploadFiles',
        '9.jpg',
        '9.jpg'
        
    );
INSERT
    INTO
        TB_PRODUCT_FILE
    VALUES(
        SEQ_PRODUCT_FILE.nextval,
        45,
        0,
        'resources/uploadFiles',
        '8.jpg',
        '8.jpg'
        
    );
INSERT
    INTO
        TB_PRODUCT_FILE
    VALUES(
        SEQ_PRODUCT_FILE.nextval,
        46,
        0,
        'resources/uploadFiles',
        '3.jpg',
        '3.jpg'
        
    );
INSERT
    INTO
        TB_PRODUCT_FILE
    VALUES(
        SEQ_PRODUCT_FILE.nextval,
        47,
        0,
        'resources/uploadFiles',
        '7.jpg',
        '7.jpg'
        
    );
INSERT
    INTO
        TB_PRODUCT_FILE
    VALUES(
        SEQ_PRODUCT_FILE.nextval,
        48,
        0,
        'resources/uploadFiles',
        '11.jpg',
        '11.jpg'
        
    );
INSERT
    INTO
        TB_PRODUCT_FILE
    VALUES(
        SEQ_PRODUCT_FILE.nextval,
        49,
        0,
        'resources/uploadFiles',
        '4.jpg',
        '4.jpg'
        
    );
INSERT
    INTO
        TB_PRODUCT_FILE
    VALUES(
        SEQ_PRODUCT_FILE.nextval,
        50,
        0,
        'resources/uploadFiles',
        '14.jpg',
        '14.jpg'
        
    );
INSERT
    INTO
        TB_PRODUCT_FILE
    VALUES(
        SEQ_PRODUCT_FILE.nextval,
        51,
        0,
        'resources/uploadFiles',
        '13.jpg',
        '13.jpg'
        
    );
INSERT
    INTO
        TB_PRODUCT_FILE
    VALUES(
        SEQ_PRODUCT_FILE.nextval,
        52,
        0,
        'resources/uploadFiles',
        '5.jpg',
        '5.jpg'
        
    );
INSERT
    INTO
        TB_PRODUCT_FILE
    VALUES(
        SEQ_PRODUCT_FILE.nextval,
        53,
        0,
        'resources/uploadFiles',
        '10.jpg',
        '10.jpg'
        
    );
INSERT
    INTO
        TB_REVIEW
    VALUES(
        SEQ_REVIEW.nextval,
        4,
        5,
        '엄청 맛있고 좋아용',
        SYSDATE,
        NULL,
        'Y',
        42
    );
INSERT
    INTO
        TB_REVIEW
    VALUES(
        SEQ_REVIEW.nextval,
        4,
        4,
        '배송이 너무 늦었어요ㅜㅜㅜㅡㅜ',
        SYSDATE,
        NULL,
        'Y',
        42
    );
INSERT
    INTO
        TB_REVIEW
    VALUES(
        SEQ_REVIEW.nextval,
        4,
        5,
        '배송이 너무 늦었어요ㅜㅜㅜㅡㅜ',
        SYSDATE,
        NULL,
        'Y',
        42
    );
INSERT
    INTO
        TB_REVIEW_FILE
    VALUES(
        SEQ_REVIEW_FILE.nextval,
        'pic1.jpg',
        'review_4.jpg',
        'resources/image/community/review',
        0,
        11
    );
    INSERT
    INTO
        TB_REVIEW_FILE
    VALUES(
        SEQ_REVIEW_FILE.nextval,
        'pic1.jpg',
        'review_4.jpg',
        'resources/image/community/review',
        0,
        12
    );
    INSERT
    INTO
        TB_REVIEW_FILE
    VALUES(
        SEQ_REVIEW_FILE.nextval,
        'pic1.jpg',
        'review_4.jpg',
        'resources/image/community/review',
        0,
        13
    );








COMMIT;
